
> thrico-documentation@1.0.0 build /Users/pulseplay/thrico/thrico-documentation
> next build

▲ Next.js 16.3.0 (Turbopack)
[MDX] generated files in 10.326750000000061ms
✓ Running next.config.mjs took 298ms

  Creating an optimized production build ...
Found 1 warning while optimizing generated CSS:

[2m│   font-style: var(--shiki-dark-font-style);[22m
[2m│ }[22m
[2m│[22m @import url('https://fonts.googleapis.com/css2?family=Inter:wght@300;400;500;600;700;800;900&family=JetBrains+Mono:wght@400;500;600;700&display=swap');
[2m┆[22m        [33m[2m^--[22m @import rules must precede all rules aside from @charset and @layer statements[39m
[2m┆[22m
[2m│ :root {[22m
[2m│   --fd-primary: 262 83% 58%;[22m


> Build error occurred
Error: Turbopack build failed with 103 errors:
./content/docs/ai/ai-automation.mdx
Error: Error evaluating Node.js code
Error: require() of ES Module /Users/pulseplay/thrico/thrico-documentation/node_modules/.pnpm/fumadocs-mdx@15.2.2_@types+mdast@4.0.4_@types+mdx@2.0.14_@types+react@19.2.18_fumadocs-_a59a11a481c9a48fbad9142c59502b7c/node_modules/fumadocs-mdx/dist/webpack/mdx.js from /Users/pulseplay/thrico/thrico-documentation/node_modules/.pnpm/next@16.3.0_@types+node@22.20.1_react-dom@19.2.8_react@19.2.8__react@19.2.8/node_modules/next/dist/compiled/loader-runner/LoaderRunner.js not supported.
Instead change the require of mdx.js in /Users/pulseplay/thrico/thrico-documentation/node_modules/.pnpm/next@16.3.0_@types+node@22.20.1_react-dom@19.2.8_react@19.2.8__react@19.2.8/node_modules/next/dist/compiled/loader-runner/LoaderRunner.js to a dynamic import() which is available in all CommonJS modules.
    [at loadLoader (/Users/pulseplay/thrico/thrico-documentation/node_modules/.pnpm/next@16.3.0_@types+node@22.20.1_react-dom@19.2.8_react@19.2.8__react@19.2.8/node_modules/next/dist/compiled/loader-runner/LoaderRunner.js:1:715)]
    [at iteratePitchingLoaders (/Users/pulseplay/thrico/thrico-documentation/node_modules/.pnpm/next@16.3.0_@types+node@22.20.1_react-dom@19.2.8_react@19.2.8__react@19.2.8/node_modules/next/dist/compiled/loader-runner/LoaderRunner.js:1:4792)]
    [at runLoaders (/Users/pulseplay/thrico/thrico-documentation/node_modules/.pnpm/next@16.3.0_@types+node@22.20.1_react-dom@19.2.8_react@19.2.8__react@19.2.8/node_modules/next/dist/compiled/loader-runner/LoaderRunner.js:1:8588)]
    at runLoaders (turbopack:///[turbopack-node]/transforms/webpack-loaders.ts:182:5) [/Users/pulseplay/thrico/thrico-documentation/.next/build/chunks/[root-of-the-server]__0dhog6e._.js:258:9]
    [at <anonymous>]


./content/docs/ai/ai-moderation.mdx
Error: Error evaluating Node.js code
Error: require() of ES Module /Users/pulseplay/thrico/thrico-documentation/node_modules/.pnpm/fumadocs-mdx@15.2.2_@types+mdast@4.0.4_@types+mdx@2.0.14_@types+react@19.2.18_fumadocs-_a59a11a481c9a48fbad9142c59502b7c/node_modules/fumadocs-mdx/dist/webpack/mdx.js from /Users/pulseplay/thrico/thrico-documentation/node_modules/.pnpm/next@16.3.0_@types+node@22.20.1_react-dom@19.2.8_react@19.2.8__react@19.2.8/node_modules/next/dist/compiled/loader-runner/LoaderRunner.js not supported.
Instead change the require of mdx.js in /Users/pulseplay/thrico/thrico-documentation/node_modules/.pnpm/next@16.3.0_@types+node@22.20.1_react-dom@19.2.8_react@19.2.8__react@19.2.8/node_modules/next/dist/compiled/loader-runner/LoaderRunner.js to a dynamic import() which is available in all CommonJS modules.
    [at loadLoader (/Users/pulseplay/thrico/thrico-documentation/node_modules/.pnpm/next@16.3.0_@types+node@22.20.1_react-dom@19.2.8_react@19.2.8__react@19.2.8/node_modules/next/dist/compiled/loader-runner/LoaderRunner.js:1:715)]
    [at iteratePitchingLoaders (/Users/pulseplay/thrico/thrico-documentation/node_modules/.pnpm/next@16.3.0_@types+node@22.20.1_react-dom@19.2.8_react@19.2.8__react@19.2.8/node_modules/next/dist/compiled/loader-runner/LoaderRunner.js:1:4792)]
    [at runLoaders (/Users/pulseplay/thrico/thrico-documentation/node_modules/.pnpm/next@16.3.0_@types+node@22.20.1_react-dom@19.2.8_react@19.2.8__react@19.2.8/node_modules/next/dist/compiled/loader-runner/LoaderRunner.js:1:8588)]
    at runLoaders (turbopack:///[turbopack-node]/transforms/webpack-loaders.ts:182:5) [/Users/pulseplay/thrico/thrico-documentation/.next/build/chunks/[root-of-the-server]__0dhog6e._.js:258:9]
    [at <anonymous>]


./content/docs/ai/ai-search.mdx
Error: Error evaluating Node.js code
Error: require() of ES Module /Users/pulseplay/thrico/thrico-documentation/node_modules/.pnpm/fumadocs-mdx@15.2.2_@types+mdast@4.0.4_@types+mdx@2.0.14_@types+react@19.2.18_fumadocs-_a59a11a481c9a48fbad9142c59502b7c/node_modules/fumadocs-mdx/dist/webpack/mdx.js from /Users/pulseplay/thrico/thrico-documentation/node_modules/.pnpm/next@16.3.0_@types+node@22.20.1_react-dom@19.2.8_react@19.2.8__react@19.2.8/node_modules/next/dist/compiled/loader-runner/LoaderRunner.js not supported.
Instead change the require of mdx.js in /Users/pulseplay/thrico/thrico-documentation/node_modules/.pnpm/next@16.3.0_@types+node@22.20.1_react-dom@19.2.8_react@19.2.8__react@19.2.8/node_modules/next/dist/compiled/loader-runner/LoaderRunner.js to a dynamic import() which is available in all CommonJS modules.
    [at loadLoader (/Users/pulseplay/thrico/thrico-documentation/node_modules/.pnpm/next@16.3.0_@types+node@22.20.1_react-dom@19.2.8_react@19.2.8__react@19.2.8/node_modules/next/dist/compiled/loader-runner/LoaderRunner.js:1:715)]
    [at iteratePitchingLoaders (/Users/pulseplay/thrico/thrico-documentation/node_modules/.pnpm/next@16.3.0_@types+node@22.20.1_react-dom@19.2.8_react@19.2.8__react@19.2.8/node_modules/next/dist/compiled/loader-runner/LoaderRunner.js:1:4792)]
    [at runLoaders (/Users/pulseplay/thrico/thrico-documentation/node_modules/.pnpm/next@16.3.0_@types+node@22.20.1_react-dom@19.2.8_react@19.2.8__react@19.2.8/node_modules/next/dist/compiled/loader-runner/LoaderRunner.js:1:8588)]
    at runLoaders (turbopack:///[turbopack-node]/transforms/webpack-loaders.ts:182:5) [/Users/pulseplay/thrico/thrico-documentation/.next/build/chunks/[root-of-the-server]__0dhog6e._.js:258:9]
    [at <anonymous>]


./content/docs/ai/index.mdx
Error: Error evaluating Node.js code
Error: require() of ES Module /Users/pulseplay/thrico/thrico-documentation/node_modules/.pnpm/fumadocs-mdx@15.2.2_@types+mdast@4.0.4_@types+mdx@2.0.14_@types+react@19.2.18_fumadocs-_a59a11a481c9a48fbad9142c59502b7c/node_modules/fumadocs-mdx/dist/webpack/mdx.js from /Users/pulseplay/thrico/thrico-documentation/node_modules/.pnpm/next@16.3.0_@types+node@22.20.1_react-dom@19.2.8_react@19.2.8__react@19.2.8/node_modules/next/dist/compiled/loader-runner/LoaderRunner.js not supported.
Instead change the require of mdx.js in /Users/pulseplay/thrico/thrico-documentation/node_modules/.pnpm/next@16.3.0_@types+node@22.20.1_react-dom@19.2.8_react@19.2.8__react@19.2.8/node_modules/next/dist/compiled/loader-runner/LoaderRunner.js to a dynamic import() which is available in all CommonJS modules.
    [at loadLoader (/Users/pulseplay/thrico/thrico-documentation/node_modules/.pnpm/next@16.3.0_@types+node@22.20.1_react-dom@19.2.8_react@19.2.8__react@19.2.8/node_modules/next/dist/compiled/loader-runner/LoaderRunner.js:1:715)]
    [at iteratePitchingLoaders (/Users/pulseplay/thrico/thrico-documentation/node_modules/.pnpm/next@16.3.0_@types+node@22.20.1_react-dom@19.2.8_react@19.2.8__react@19.2.8/node_modules/next/dist/compiled/loader-runner/LoaderRunner.js:1:4792)]
    [at runLoaders (/Users/pulseplay/thrico/thrico-documentation/node_modules/.pnpm/next@16.3.0_@types+node@22.20.1_react-dom@19.2.8_react@19.2.8__react@19.2.8/node_modules/next/dist/compiled/loader-runner/LoaderRunner.js:1:8588)]
    at runLoaders (turbopack:///[turbopack-node]/transforms/webpack-loaders.ts:182:5) [/Users/pulseplay/thrico/thrico-documentation/.next/build/chunks/[root-of-the-server]__0dhog6e._.js:258:9]
    [at <anonymous>]


./content/docs/analytics/dashboard.mdx
Error: Error evaluating Node.js code
Error: require() of ES Module /Users/pulseplay/thrico/thrico-documentation/node_modules/.pnpm/fumadocs-mdx@15.2.2_@types+mdast@4.0.4_@types+mdx@2.0.14_@types+react@19.2.18_fumadocs-_a59a11a481c9a48fbad9142c59502b7c/node_modules/fumadocs-mdx/dist/webpack/mdx.js from /Users/pulseplay/thrico/thrico-documentation/node_modules/.pnpm/next@16.3.0_@types+node@22.20.1_react-dom@19.2.8_react@19.2.8__react@19.2.8/node_modules/next/dist/compiled/loader-runner/LoaderRunner.js not supported.
Instead change the require of mdx.js in /Users/pulseplay/thrico/thrico-documentation/node_modules/.pnpm/next@16.3.0_@types+node@22.20.1_react-dom@19.2.8_react@19.2.8__react@19.2.8/node_modules/next/dist/compiled/loader-runner/LoaderRunner.js to a dynamic import() which is available in all CommonJS modules.
    [at loadLoader (/Users/pulseplay/thrico/thrico-documentation/node_modules/.pnpm/next@16.3.0_@types+node@22.20.1_react-dom@19.2.8_react@19.2.8__react@19.2.8/node_modules/next/dist/compiled/loader-runner/LoaderRunner.js:1:715)]
    [at iteratePitchingLoaders (/Users/pulseplay/thrico/thrico-documentation/node_modules/.pnpm/next@16.3.0_@types+node@22.20.1_react-dom@19.2.8_react@19.2.8__react@19.2.8/node_modules/next/dist/compiled/loader-runner/LoaderRunner.js:1:4792)]
    [at runLoaders (/Users/pulseplay/thrico/thrico-documentation/node_modules/.pnpm/next@16.3.0_@types+node@22.20.1_react-dom@19.2.8_react@19.2.8__react@19.2.8/node_modules/next/dist/compiled/loader-runner/LoaderRunner.js:1:8588)]
    at runLoaders (turbopack:///[turbopack-node]/transforms/webpack-loaders.ts:182:5) [/Users/pulseplay/thrico/thrico-documentation/.next/build/chunks/[root-of-the-server]__0dhog6e._.js:258:9]
    [at <anonymous>]


./content/docs/analytics/engagement.mdx
Error: Error evaluating Node.js code
Error: require() of ES Module /Users/pulseplay/thrico/thrico-documentation/node_modules/.pnpm/fumadocs-mdx@15.2.2_@types+mdast@4.0.4_@types+mdx@2.0.14_@types+react@19.2.18_fumadocs-_a59a11a481c9a48fbad9142c59502b7c/node_modules/fumadocs-mdx/dist/webpack/mdx.js from /Users/pulseplay/thrico/thrico-documentation/node_modules/.pnpm/next@16.3.0_@types+node@22.20.1_react-dom@19.2.8_react@19.2.8__react@19.2.8/node_modules/next/dist/compiled/loader-runner/LoaderRunner.js not supported.
Instead change the require of mdx.js in /Users/pulseplay/thrico/thrico-documentation/node_modules/.pnpm/next@16.3.0_@types+node@22.20.1_react-dom@19.2.8_react@19.2.8__react@19.2.8/node_modules/next/dist/compiled/loader-runner/LoaderRunner.js to a dynamic import() which is available in all CommonJS modules.
    [at loadLoader (/Users/pulseplay/thrico/thrico-documentation/node_modules/.pnpm/next@16.3.0_@types+node@22.20.1_react-dom@19.2.8_react@19.2.8__react@19.2.8/node_modules/next/dist/compiled/loader-runner/LoaderRunner.js:1:715)]
    [at iteratePitchingLoaders (/Users/pulseplay/thrico/thrico-documentation/node_modules/.pnpm/next@16.3.0_@types+node@22.20.1_react-dom@19.2.8_react@19.2.8__react@19.2.8/node_modules/next/dist/compiled/loader-runner/LoaderRunner.js:1:4792)]
    [at runLoaders (/Users/pulseplay/thrico/thrico-documentation/node_modules/.pnpm/next@16.3.0_@types+node@22.20.1_react-dom@19.2.8_react@19.2.8__react@19.2.8/node_modules/next/dist/compiled/loader-runner/LoaderRunner.js:1:8588)]
    at runLoaders (turbopack:///[turbopack-node]/transforms/webpack-loaders.ts:182:5) [/Users/pulseplay/thrico/thrico-documentation/.next/build/chunks/[root-of-the-server]__0dhog6e._.js:258:9]
    [at <anonymous>]


./content/docs/analytics/exports.mdx
Error: Error evaluating Node.js code
Error: require() of ES Module /Users/pulseplay/thrico/thrico-documentation/node_modules/.pnpm/fumadocs-mdx@15.2.2_@types+mdast@4.0.4_@types+mdx@2.0.14_@types+react@19.2.18_fumadocs-_a59a11a481c9a48fbad9142c59502b7c/node_modules/fumadocs-mdx/dist/webpack/mdx.js from /Users/pulseplay/thrico/thrico-documentation/node_modules/.pnpm/next@16.3.0_@types+node@22.20.1_react-dom@19.2.8_react@19.2.8__react@19.2.8/node_modules/next/dist/compiled/loader-runner/LoaderRunner.js not supported.
Instead change the require of mdx.js in /Users/pulseplay/thrico/thrico-documentation/node_modules/.pnpm/next@16.3.0_@types+node@22.20.1_react-dom@19.2.8_react@19.2.8__react@19.2.8/node_modules/next/dist/compiled/loader-runner/LoaderRunner.js to a dynamic import() which is available in all CommonJS modules.
    [at loadLoader (/Users/pulseplay/thrico/thrico-documentation/node_modules/.pnpm/next@16.3.0_@types+node@22.20.1_react-dom@19.2.8_react@19.2.8__react@19.2.8/node_modules/next/dist/compiled/loader-runner/LoaderRunner.js:1:715)]
    [at iteratePitchingLoaders (/Users/pulseplay/thrico/thrico-documentation/node_modules/.pnpm/next@16.3.0_@types+node@22.20.1_react-dom@19.2.8_react@19.2.8__react@19.2.8/node_modules/next/dist/compiled/loader-runner/LoaderRunner.js:1:4792)]
    [at runLoaders (/Users/pulseplay/thrico/thrico-documentation/node_modules/.pnpm/next@16.3.0_@types+node@22.20.1_react-dom@19.2.8_react@19.2.8__react@19.2.8/node_modules/next/dist/compiled/loader-runner/LoaderRunner.js:1:8588)]
    at runLoaders (turbopack:///[turbopack-node]/transforms/webpack-loaders.ts:182:5) [/Users/pulseplay/thrico/thrico-documentation/.next/build/chunks/[root-of-the-server]__0dhog6e._.js:258:9]
    [at <anonymous>]


./content/docs/analytics/index.mdx
Error: Error evaluating Node.js code
Error: require() of ES Module /Users/pulseplay/thrico/thrico-documentation/node_modules/.pnpm/fumadocs-mdx@15.2.2_@types+mdast@4.0.4_@types+mdx@2.0.14_@types+react@19.2.18_fumadocs-_a59a11a481c9a48fbad9142c59502b7c/node_modules/fumadocs-mdx/dist/webpack/mdx.js from /Users/pulseplay/thrico/thrico-documentation/node_modules/.pnpm/next@16.3.0_@types+node@22.20.1_react-dom@19.2.8_react@19.2.8__react@19.2.8/node_modules/next/dist/compiled/loader-runner/LoaderRunner.js not supported.
Instead change the require of mdx.js in /Users/pulseplay/thrico/thrico-documentation/node_modules/.pnpm/next@16.3.0_@types+node@22.20.1_react-dom@19.2.8_react@19.2.8__react@19.2.8/node_modules/next/dist/compiled/loader-runner/LoaderRunner.js to a dynamic import() which is available in all CommonJS modules.
    [at loadLoader (/Users/pulseplay/thrico/thrico-documentation/node_modules/.pnpm/next@16.3.0_@types+node@22.20.1_react-dom@19.2.8_react@19.2.8__react@19.2.8/node_modules/next/dist/compiled/loader-runner/LoaderRunner.js:1:715)]
    [at iteratePitchingLoaders (/Users/pulseplay/thrico/thrico-documentation/node_modules/.pnpm/next@16.3.0_@types+node@22.20.1_react-dom@19.2.8_react@19.2.8__react@19.2.8/node_modules/next/dist/compiled/loader-runner/LoaderRunner.js:1:4792)]
    [at runLoaders (/Users/pulseplay/thrico/thrico-documentation/node_modules/.pnpm/next@16.3.0_@types+node@22.20.1_react-dom@19.2.8_react@19.2.8__react@19.2.8/node_modules/next/dist/compiled/loader-runner/LoaderRunner.js:1:8588)]
    at runLoaders (turbopack:///[turbopack-node]/transforms/webpack-loaders.ts:182:5) [/Users/pulseplay/thrico/thrico-documentation/.next/build/chunks/[root-of-the-server]__0dhog6e._.js:258:9]
    [at <anonymous>]


./content/docs/analytics/member-growth.mdx
Error: Error evaluating Node.js code
Error: require() of ES Module /Users/pulseplay/thrico/thrico-documentation/node_modules/.pnpm/fumadocs-mdx@15.2.2_@types+mdast@4.0.4_@types+mdx@2.0.14_@types+react@19.2.18_fumadocs-_a59a11a481c9a48fbad9142c59502b7c/node_modules/fumadocs-mdx/dist/webpack/mdx.js from /Users/pulseplay/thrico/thrico-documentation/node_modules/.pnpm/next@16.3.0_@types+node@22.20.1_react-dom@19.2.8_react@19.2.8__react@19.2.8/node_modules/next/dist/compiled/loader-runner/LoaderRunner.js not supported.
Instead change the require of mdx.js in /Users/pulseplay/thrico/thrico-documentation/node_modules/.pnpm/next@16.3.0_@types+node@22.20.1_react-dom@19.2.8_react@19.2.8__react@19.2.8/node_modules/next/dist/compiled/loader-runner/LoaderRunner.js to a dynamic import() which is available in all CommonJS modules.
    [at loadLoader (/Users/pulseplay/thrico/thrico-documentation/node_modules/.pnpm/next@16.3.0_@types+node@22.20.1_react-dom@19.2.8_react@19.2.8__react@19.2.8/node_modules/next/dist/compiled/loader-runner/LoaderRunner.js:1:715)]
    [at iteratePitchingLoaders (/Users/pulseplay/thrico/thrico-documentation/node_modules/.pnpm/next@16.3.0_@types+node@22.20.1_react-dom@19.2.8_react@19.2.8__react@19.2.8/node_modules/next/dist/compiled/loader-runner/LoaderRunner.js:1:4792)]
    [at runLoaders (/Users/pulseplay/thrico/thrico-documentation/node_modules/.pnpm/next@16.3.0_@types+node@22.20.1_react-dom@19.2.8_react@19.2.8__react@19.2.8/node_modules/next/dist/compiled/loader-runner/LoaderRunner.js:1:8588)]
    at runLoaders (turbopack:///[turbopack-node]/transforms/webpack-loaders.ts:182:5) [/Users/pulseplay/thrico/thrico-documentation/.next/build/chunks/[root-of-the-server]__0dhog6e._.js:258:9]
    [at <anonymous>]


./content/docs/analytics/reports.mdx
Error: Error evaluating Node.js code
Error: require() of ES Module /Users/pulseplay/thrico/thrico-documentation/node_modules/.pnpm/fumadocs-mdx@15.2.2_@types+mdast@4.0.4_@types+mdx@2.0.14_@types+react@19.2.18_fumadocs-_a59a11a481c9a48fbad9142c59502b7c/node_modules/fumadocs-mdx/dist/webpack/mdx.js from /Users/pulseplay/thrico/thrico-documentation/node_modules/.pnpm/next@16.3.0_@types+node@22.20.1_react-dom@19.2.8_react@19.2.8__react@19.2.8/node_modules/next/dist/compiled/loader-runner/LoaderRunner.js not supported.
Instead change the require of mdx.js in /Users/pulseplay/thrico/thrico-documentation/node_modules/.pnpm/next@16.3.0_@types+node@22.20.1_react-dom@19.2.8_react@19.2.8__react@19.2.8/node_modules/next/dist/compiled/loader-runner/LoaderRunner.js to a dynamic import() which is available in all CommonJS modules.
    [at loadLoader (/Users/pulseplay/thrico/thrico-documentation/node_modules/.pnpm/next@16.3.0_@types+node@22.20.1_react-dom@19.2.8_react@19.2.8__react@19.2.8/node_modules/next/dist/compiled/loader-runner/LoaderRunner.js:1:715)]
    [at iteratePitchingLoaders (/Users/pulseplay/thrico/thrico-documentation/node_modules/.pnpm/next@16.3.0_@types+node@22.20.1_react-dom@19.2.8_react@19.2.8__react@19.2.8/node_modules/next/dist/compiled/loader-runner/LoaderRunner.js:1:4792)]
    [at runLoaders (/Users/pulseplay/thrico/thrico-documentation/node_modules/.pnpm/next@16.3.0_@types+node@22.20.1_react-dom@19.2.8_react@19.2.8__react@19.2.8/node_modules/next/dist/compiled/loader-runner/LoaderRunner.js:1:8588)]
    at runLoaders (turbopack:///[turbopack-node]/transforms/webpack-loaders.ts:182:5) [/Users/pulseplay/thrico/thrico-documentation/.next/build/chunks/[root-of-the-server]__0dhog6e._.js:258:9]
    [at <anonymous>]


./content/docs/analytics/retention.mdx
Error: Error evaluating Node.js code
Error: require() of ES Module /Users/pulseplay/thrico/thrico-documentation/node_modules/.pnpm/fumadocs-mdx@15.2.2_@types+mdast@4.0.4_@types+mdx@2.0.14_@types+react@19.2.18_fumadocs-_a59a11a481c9a48fbad9142c59502b7c/node_modules/fumadocs-mdx/dist/webpack/mdx.js from /Users/pulseplay/thrico/thrico-documentation/node_modules/.pnpm/next@16.3.0_@types+node@22.20.1_react-dom@19.2.8_react@19.2.8__react@19.2.8/node_modules/next/dist/compiled/loader-runner/LoaderRunner.js not supported.
Instead change the require of mdx.js in /Users/pulseplay/thrico/thrico-documentation/node_modules/.pnpm/next@16.3.0_@types+node@22.20.1_react-dom@19.2.8_react@19.2.8__react@19.2.8/node_modules/next/dist/compiled/loader-runner/LoaderRunner.js to a dynamic import() which is available in all CommonJS modules.
    [at loadLoader (/Users/pulseplay/thrico/thrico-documentation/node_modules/.pnpm/next@16.3.0_@types+node@22.20.1_react-dom@19.2.8_react@19.2.8__react@19.2.8/node_modules/next/dist/compiled/loader-runner/LoaderRunner.js:1:715)]
    [at iteratePitchingLoaders (/Users/pulseplay/thrico/thrico-documentation/node_modules/.pnpm/next@16.3.0_@types+node@22.20.1_react-dom@19.2.8_react@19.2.8__react@19.2.8/node_modules/next/dist/compiled/loader-runner/LoaderRunner.js:1:4792)]
    [at runLoaders (/Users/pulseplay/thrico/thrico-documentation/node_modules/.pnpm/next@16.3.0_@types+node@22.20.1_react-dom@19.2.8_react@19.2.8__react@19.2.8/node_modules/next/dist/compiled/loader-runner/LoaderRunner.js:1:8588)]
    at runLoaders (turbopack:///[turbopack-node]/transforms/webpack-loaders.ts:182:5) [/Users/pulseplay/thrico/thrico-documentation/.next/build/chunks/[root-of-the-server]__0dhog6e._.js:258:9]
    [at <anonymous>]


./content/docs/api/authentication.mdx
Error: Error evaluating Node.js code
Error: require() of ES Module /Users/pulseplay/thrico/thrico-documentation/node_modules/.pnpm/fumadocs-mdx@15.2.2_@types+mdast@4.0.4_@types+mdx@2.0.14_@types+react@19.2.18_fumadocs-_a59a11a481c9a48fbad9142c59502b7c/node_modules/fumadocs-mdx/dist/webpack/mdx.js from /Users/pulseplay/thrico/thrico-documentation/node_modules/.pnpm/next@16.3.0_@types+node@22.20.1_react-dom@19.2.8_react@19.2.8__react@19.2.8/node_modules/next/dist/compiled/loader-runner/LoaderRunner.js not supported.
Instead change the require of mdx.js in /Users/pulseplay/thrico/thrico-documentation/node_modules/.pnpm/next@16.3.0_@types+node@22.20.1_react-dom@19.2.8_react@19.2.8__react@19.2.8/node_modules/next/dist/compiled/loader-runner/LoaderRunner.js to a dynamic import() which is available in all CommonJS modules.
    [at loadLoader (/Users/pulseplay/thrico/thrico-documentation/node_modules/.pnpm/next@16.3.0_@types+node@22.20.1_react-dom@19.2.8_react@19.2.8__react@19.2.8/node_modules/next/dist/compiled/loader-runner/LoaderRunner.js:1:715)]
    [at iteratePitchingLoaders (/Users/pulseplay/thrico/thrico-documentation/node_modules/.pnpm/next@16.3.0_@types+node@22.20.1_react-dom@19.2.8_react@19.2.8__react@19.2.8/node_modules/next/dist/compiled/loader-runner/LoaderRunner.js:1:4792)]
    [at runLoaders (/Users/pulseplay/thrico/thrico-documentation/node_modules/.pnpm/next@16.3.0_@types+node@22.20.1_react-dom@19.2.8_react@19.2.8__react@19.2.8/node_modules/next/dist/compiled/loader-runner/LoaderRunner.js:1:8588)]
    at runLoaders (turbopack:///[turbopack-node]/transforms/webpack-loaders.ts:182:5) [/Users/pulseplay/thrico/thrico-documentation/.next/build/chunks/[root-of-the-server]__0dhog6e._.js:258:9]
    [at <anonymous>]


./content/docs/api/graphql.mdx
Error: Error evaluating Node.js code
Error: require() of ES Module /Users/pulseplay/thrico/thrico-documentation/node_modules/.pnpm/fumadocs-mdx@15.2.2_@types+mdast@4.0.4_@types+mdx@2.0.14_@types+react@19.2.18_fumadocs-_a59a11a481c9a48fbad9142c59502b7c/node_modules/fumadocs-mdx/dist/webpack/mdx.js from /Users/pulseplay/thrico/thrico-documentation/node_modules/.pnpm/next@16.3.0_@types+node@22.20.1_react-dom@19.2.8_react@19.2.8__react@19.2.8/node_modules/next/dist/compiled/loader-runner/LoaderRunner.js not supported.
Instead change the require of mdx.js in /Users/pulseplay/thrico/thrico-documentation/node_modules/.pnpm/next@16.3.0_@types+node@22.20.1_react-dom@19.2.8_react@19.2.8__react@19.2.8/node_modules/next/dist/compiled/loader-runner/LoaderRunner.js to a dynamic import() which is available in all CommonJS modules.
    [at loadLoader (/Users/pulseplay/thrico/thrico-documentation/node_modules/.pnpm/next@16.3.0_@types+node@22.20.1_react-dom@19.2.8_react@19.2.8__react@19.2.8/node_modules/next/dist/compiled/loader-runner/LoaderRunner.js:1:715)]
    [at iteratePitchingLoaders (/Users/pulseplay/thrico/thrico-documentation/node_modules/.pnpm/next@16.3.0_@types+node@22.20.1_react-dom@19.2.8_react@19.2.8__react@19.2.8/node_modules/next/dist/compiled/loader-runner/LoaderRunner.js:1:4792)]
    [at runLoaders (/Users/pulseplay/thrico/thrico-documentation/node_modules/.pnpm/next@16.3.0_@types+node@22.20.1_react-dom@19.2.8_react@19.2.8__react@19.2.8/node_modules/next/dist/compiled/loader-runner/LoaderRunner.js:1:8588)]
    at runLoaders (turbopack:///[turbopack-node]/transforms/webpack-loaders.ts:182:5) [/Users/pulseplay/thrico/thrico-documentation/.next/build/chunks/[root-of-the-server]__0dhog6e._.js:258:9]
    [at <anonymous>]


./content/docs/api/index.mdx
Error: Error evaluating Node.js code
Error: require() of ES Module /Users/pulseplay/thrico/thrico-documentation/node_modules/.pnpm/fumadocs-mdx@15.2.2_@types+mdast@4.0.4_@types+mdx@2.0.14_@types+react@19.2.18_fumadocs-_a59a11a481c9a48fbad9142c59502b7c/node_modules/fumadocs-mdx/dist/webpack/mdx.js from /Users/pulseplay/thrico/thrico-documentation/node_modules/.pnpm/next@16.3.0_@types+node@22.20.1_react-dom@19.2.8_react@19.2.8__react@19.2.8/node_modules/next/dist/compiled/loader-runner/LoaderRunner.js not supported.
Instead change the require of mdx.js in /Users/pulseplay/thrico/thrico-documentation/node_modules/.pnpm/next@16.3.0_@types+node@22.20.1_react-dom@19.2.8_react@19.2.8__react@19.2.8/node_modules/next/dist/compiled/loader-runner/LoaderRunner.js to a dynamic import() which is available in all CommonJS modules.
    [at loadLoader (/Users/pulseplay/thrico/thrico-documentation/node_modules/.pnpm/next@16.3.0_@types+node@22.20.1_react-dom@19.2.8_react@19.2.8__react@19.2.8/node_modules/next/dist/compiled/loader-runner/LoaderRunner.js:1:715)]
    [at iteratePitchingLoaders (/Users/pulseplay/thrico/thrico-documentation/node_modules/.pnpm/next@16.3.0_@types+node@22.20.1_react-dom@19.2.8_react@19.2.8__react@19.2.8/node_modules/next/dist/compiled/loader-runner/LoaderRunner.js:1:4792)]
    [at runLoaders (/Users/pulseplay/thrico/thrico-documentation/node_modules/.pnpm/next@16.3.0_@types+node@22.20.1_react-dom@19.2.8_react@19.2.8__react@19.2.8/node_modules/next/dist/compiled/loader-runner/LoaderRunner.js:1:8588)]
    at runLoaders (turbopack:///[turbopack-node]/transforms/webpack-loaders.ts:182:5) [/Users/pulseplay/thrico/thrico-documentation/.next/build/chunks/[root-of-the-server]__0dhog6e._.js:258:9]
    [at <anonymous>]


./content/docs/api/rate-limits.mdx
Error: Error evaluating Node.js code
Error: require() of ES Module /Users/pulseplay/thrico/thrico-documentation/node_modules/.pnpm/fumadocs-mdx@15.2.2_@types+mdast@4.0.4_@types+mdx@2.0.14_@types+react@19.2.18_fumadocs-_a59a11a481c9a48fbad9142c59502b7c/node_modules/fumadocs-mdx/dist/webpack/mdx.js from /Users/pulseplay/thrico/thrico-documentation/node_modules/.pnpm/next@16.3.0_@types+node@22.20.1_react-dom@19.2.8_react@19.2.8__react@19.2.8/node_modules/next/dist/compiled/loader-runner/LoaderRunner.js not supported.
Instead change the require of mdx.js in /Users/pulseplay/thrico/thrico-documentation/node_modules/.pnpm/next@16.3.0_@types+node@22.20.1_react-dom@19.2.8_react@19.2.8__react@19.2.8/node_modules/next/dist/compiled/loader-runner/LoaderRunner.js to a dynamic import() which is available in all CommonJS modules.
    [at loadLoader (/Users/pulseplay/thrico/thrico-documentation/node_modules/.pnpm/next@16.3.0_@types+node@22.20.1_react-dom@19.2.8_react@19.2.8__react@19.2.8/node_modules/next/dist/compiled/loader-runner/LoaderRunner.js:1:715)]
    [at iteratePitchingLoaders (/Users/pulseplay/thrico/thrico-documentation/node_modules/.pnpm/next@16.3.0_@types+node@22.20.1_react-dom@19.2.8_react@19.2.8__react@19.2.8/node_modules/next/dist/compiled/loader-runner/LoaderRunner.js:1:4792)]
    [at runLoaders (/Users/pulseplay/thrico/thrico-documentation/node_modules/.pnpm/next@16.3.0_@types+node@22.20.1_react-dom@19.2.8_react@19.2.8__react@19.2.8/node_modules/next/dist/compiled/loader-runner/LoaderRunner.js:1:8588)]
    at runLoaders (turbopack:///[turbopack-node]/transforms/webpack-loaders.ts:182:5) [/Users/pulseplay/thrico/thrico-documentation/.next/build/chunks/[root-of-the-server]__0dhog6e._.js:258:9]
    [at <anonymous>]


./content/docs/api/rest.mdx
Error: Error evaluating Node.js code
Error: require() of ES Module /Users/pulseplay/thrico/thrico-documentation/node_modules/.pnpm/fumadocs-mdx@15.2.2_@types+mdast@4.0.4_@types+mdx@2.0.14_@types+react@19.2.18_fumadocs-_a59a11a481c9a48fbad9142c59502b7c/node_modules/fumadocs-mdx/dist/webpack/mdx.js from /Users/pulseplay/thrico/thrico-documentation/node_modules/.pnpm/next@16.3.0_@types+node@22.20.1_react-dom@19.2.8_react@19.2.8__react@19.2.8/node_modules/next/dist/compiled/loader-runner/LoaderRunner.js not supported.
Instead change the require of mdx.js in /Users/pulseplay/thrico/thrico-documentation/node_modules/.pnpm/next@16.3.0_@types+node@22.20.1_react-dom@19.2.8_react@19.2.8__react@19.2.8/node_modules/next/dist/compiled/loader-runner/LoaderRunner.js to a dynamic import() which is available in all CommonJS modules.
    [at loadLoader (/Users/pulseplay/thrico/thrico-documentation/node_modules/.pnpm/next@16.3.0_@types+node@22.20.1_react-dom@19.2.8_react@19.2.8__react@19.2.8/node_modules/next/dist/compiled/loader-runner/LoaderRunner.js:1:715)]
    [at iteratePitchingLoaders (/Users/pulseplay/thrico/thrico-documentation/node_modules/.pnpm/next@16.3.0_@types+node@22.20.1_react-dom@19.2.8_react@19.2.8__react@19.2.8/node_modules/next/dist/compiled/loader-runner/LoaderRunner.js:1:4792)]
    [at runLoaders (/Users/pulseplay/thrico/thrico-documentation/node_modules/.pnpm/next@16.3.0_@types+node@22.20.1_react-dom@19.2.8_react@19.2.8__react@19.2.8/node_modules/next/dist/compiled/loader-runner/LoaderRunner.js:1:8588)]
    at runLoaders (turbopack:///[turbopack-node]/transforms/webpack-loaders.ts:182:5) [/Users/pulseplay/thrico/thrico-documentation/.next/build/chunks/[root-of-the-server]__0dhog6e._.js:258:9]
    [at <anonymous>]


./content/docs/api/sdk.mdx
Error: Error evaluating Node.js code
Error: require() of ES Module /Users/pulseplay/thrico/thrico-documentation/node_modules/.pnpm/fumadocs-mdx@15.2.2_@types+mdast@4.0.4_@types+mdx@2.0.14_@types+react@19.2.18_fumadocs-_a59a11a481c9a48fbad9142c59502b7c/node_modules/fumadocs-mdx/dist/webpack/mdx.js from /Users/pulseplay/thrico/thrico-documentation/node_modules/.pnpm/next@16.3.0_@types+node@22.20.1_react-dom@19.2.8_react@19.2.8__react@19.2.8/node_modules/next/dist/compiled/loader-runner/LoaderRunner.js not supported.
Instead change the require of mdx.js in /Users/pulseplay/thrico/thrico-documentation/node_modules/.pnpm/next@16.3.0_@types+node@22.20.1_react-dom@19.2.8_react@19.2.8__react@19.2.8/node_modules/next/dist/compiled/loader-runner/LoaderRunner.js to a dynamic import() which is available in all CommonJS modules.
    [at loadLoader (/Users/pulseplay/thrico/thrico-documentation/node_modules/.pnpm/next@16.3.0_@types+node@22.20.1_react-dom@19.2.8_react@19.2.8__react@19.2.8/node_modules/next/dist/compiled/loader-runner/LoaderRunner.js:1:715)]
    [at iteratePitchingLoaders (/Users/pulseplay/thrico/thrico-documentation/node_modules/.pnpm/next@16.3.0_@types+node@22.20.1_react-dom@19.2.8_react@19.2.8__react@19.2.8/node_modules/next/dist/compiled/loader-runner/LoaderRunner.js:1:4792)]
    [at runLoaders (/Users/pulseplay/thrico/thrico-documentation/node_modules/.pnpm/next@16.3.0_@types+node@22.20.1_react-dom@19.2.8_react@19.2.8__react@19.2.8/node_modules/next/dist/compiled/loader-runner/LoaderRunner.js:1:8588)]
    at runLoaders (turbopack:///[turbopack-node]/transforms/webpack-loaders.ts:182:5) [/Users/pulseplay/thrico/thrico-documentation/.next/build/chunks/[root-of-the-server]__0dhog6e._.js:258:9]
    [at <anonymous>]


./content/docs/api/webhooks.mdx
Error: Error evaluating Node.js code
Error: require() of ES Module /Users/pulseplay/thrico/thrico-documentation/node_modules/.pnpm/fumadocs-mdx@15.2.2_@types+mdast@4.0.4_@types+mdx@2.0.14_@types+react@19.2.18_fumadocs-_a59a11a481c9a48fbad9142c59502b7c/node_modules/fumadocs-mdx/dist/webpack/mdx.js from /Users/pulseplay/thrico/thrico-documentation/node_modules/.pnpm/next@16.3.0_@types+node@22.20.1_react-dom@19.2.8_react@19.2.8__react@19.2.8/node_modules/next/dist/compiled/loader-runner/LoaderRunner.js not supported.
Instead change the require of mdx.js in /Users/pulseplay/thrico/thrico-documentation/node_modules/.pnpm/next@16.3.0_@types+node@22.20.1_react-dom@19.2.8_react@19.2.8__react@19.2.8/node_modules/next/dist/compiled/loader-runner/LoaderRunner.js to a dynamic import() which is available in all CommonJS modules.
    [at loadLoader (/Users/pulseplay/thrico/thrico-documentation/node_modules/.pnpm/next@16.3.0_@types+node@22.20.1_react-dom@19.2.8_react@19.2.8__react@19.2.8/node_modules/next/dist/compiled/loader-runner/LoaderRunner.js:1:715)]
    [at iteratePitchingLoaders (/Users/pulseplay/thrico/thrico-documentation/node_modules/.pnpm/next@16.3.0_@types+node@22.20.1_react-dom@19.2.8_react@19.2.8__react@19.2.8/node_modules/next/dist/compiled/loader-runner/LoaderRunner.js:1:4792)]
    [at runLoaders (/Users/pulseplay/thrico/thrico-documentation/node_modules/.pnpm/next@16.3.0_@types+node@22.20.1_react-dom@19.2.8_react@19.2.8__react@19.2.8/node_modules/next/dist/compiled/loader-runner/LoaderRunner.js:1:8588)]
    at runLoaders (turbopack:///[turbopack-node]/transforms/webpack-loaders.ts:182:5) [/Users/pulseplay/thrico/thrico-documentation/.next/build/chunks/[root-of-the-server]__0dhog6e._.js:258:9]
    [at <anonymous>]


./content/docs/billing/index.mdx
Error: Error evaluating Node.js code
Error: require() of ES Module /Users/pulseplay/thrico/thrico-documentation/node_modules/.pnpm/fumadocs-mdx@15.2.2_@types+mdast@4.0.4_@types+mdx@2.0.14_@types+react@19.2.18_fumadocs-_a59a11a481c9a48fbad9142c59502b7c/node_modules/fumadocs-mdx/dist/webpack/mdx.js from /Users/pulseplay/thrico/thrico-documentation/node_modules/.pnpm/next@16.3.0_@types+node@22.20.1_react-dom@19.2.8_react@19.2.8__react@19.2.8/node_modules/next/dist/compiled/loader-runner/LoaderRunner.js not supported.
Instead change the require of mdx.js in /Users/pulseplay/thrico/thrico-documentation/node_modules/.pnpm/next@16.3.0_@types+node@22.20.1_react-dom@19.2.8_react@19.2.8__react@19.2.8/node_modules/next/dist/compiled/loader-runner/LoaderRunner.js to a dynamic import() which is available in all CommonJS modules.
    [at loadLoader (/Users/pulseplay/thrico/thrico-documentation/node_modules/.pnpm/next@16.3.0_@types+node@22.20.1_react-dom@19.2.8_react@19.2.8__react@19.2.8/node_modules/next/dist/compiled/loader-runner/LoaderRunner.js:1:715)]
    [at iteratePitchingLoaders (/Users/pulseplay/thrico/thrico-documentation/node_modules/.pnpm/next@16.3.0_@types+node@22.20.1_react-dom@19.2.8_react@19.2.8__react@19.2.8/node_modules/next/dist/compiled/loader-runner/LoaderRunner.js:1:4792)]
    [at runLoaders (/Users/pulseplay/thrico/thrico-documentation/node_modules/.pnpm/next@16.3.0_@types+node@22.20.1_react-dom@19.2.8_react@19.2.8__react@19.2.8/node_modules/next/dist/compiled/loader-runner/LoaderRunner.js:1:8588)]
    at runLoaders (turbopack:///[turbopack-node]/transforms/webpack-loaders.ts:182:5) [/Users/pulseplay/thrico/thrico-documentation/.next/build/chunks/[root-of-the-server]__0dhog6e._.js:258:9]
    [at <anonymous>]


./content/docs/billing/invoices.mdx
Error: Error evaluating Node.js code
Error: require() of ES Module /Users/pulseplay/thrico/thrico-documentation/node_modules/.pnpm/fumadocs-mdx@15.2.2_@types+mdast@4.0.4_@types+mdx@2.0.14_@types+react@19.2.18_fumadocs-_a59a11a481c9a48fbad9142c59502b7c/node_modules/fumadocs-mdx/dist/webpack/mdx.js from /Users/pulseplay/thrico/thrico-documentation/node_modules/.pnpm/next@16.3.0_@types+node@22.20.1_react-dom@19.2.8_react@19.2.8__react@19.2.8/node_modules/next/dist/compiled/loader-runner/LoaderRunner.js not supported.
Instead change the require of mdx.js in /Users/pulseplay/thrico/thrico-documentation/node_modules/.pnpm/next@16.3.0_@types+node@22.20.1_react-dom@19.2.8_react@19.2.8__react@19.2.8/node_modules/next/dist/compiled/loader-runner/LoaderRunner.js to a dynamic import() which is available in all CommonJS modules.
    [at loadLoader (/Users/pulseplay/thrico/thrico-documentation/node_modules/.pnpm/next@16.3.0_@types+node@22.20.1_react-dom@19.2.8_react@19.2.8__react@19.2.8/node_modules/next/dist/compiled/loader-runner/LoaderRunner.js:1:715)]
    [at iteratePitchingLoaders (/Users/pulseplay/thrico/thrico-documentation/node_modules/.pnpm/next@16.3.0_@types+node@22.20.1_react-dom@19.2.8_react@19.2.8__react@19.2.8/node_modules/next/dist/compiled/loader-runner/LoaderRunner.js:1:4792)]
    [at runLoaders (/Users/pulseplay/thrico/thrico-documentation/node_modules/.pnpm/next@16.3.0_@types+node@22.20.1_react-dom@19.2.8_react@19.2.8__react@19.2.8/node_modules/next/dist/compiled/loader-runner/LoaderRunner.js:1:8588)]
    at runLoaders (turbopack:///[turbopack-node]/transforms/webpack-loaders.ts:182:5) [/Users/pulseplay/thrico/thrico-documentation/.next/build/chunks/[root-of-the-server]__0dhog6e._.js:258:9]
    [at <anonymous>]


./content/docs/billing/payments.mdx
Error: Error evaluating Node.js code
Error: require() of ES Module /Users/pulseplay/thrico/thrico-documentation/node_modules/.pnpm/fumadocs-mdx@15.2.2_@types+mdast@4.0.4_@types+mdx@2.0.14_@types+react@19.2.18_fumadocs-_a59a11a481c9a48fbad9142c59502b7c/node_modules/fumadocs-mdx/dist/webpack/mdx.js from /Users/pulseplay/thrico/thrico-documentation/node_modules/.pnpm/next@16.3.0_@types+node@22.20.1_react-dom@19.2.8_react@19.2.8__react@19.2.8/node_modules/next/dist/compiled/loader-runner/LoaderRunner.js not supported.
Instead change the require of mdx.js in /Users/pulseplay/thrico/thrico-documentation/node_modules/.pnpm/next@16.3.0_@types+node@22.20.1_react-dom@19.2.8_react@19.2.8__react@19.2.8/node_modules/next/dist/compiled/loader-runner/LoaderRunner.js to a dynamic import() which is available in all CommonJS modules.
    [at loadLoader (/Users/pulseplay/thrico/thrico-documentation/node_modules/.pnpm/next@16.3.0_@types+node@22.20.1_react-dom@19.2.8_react@19.2.8__react@19.2.8/node_modules/next/dist/compiled/loader-runner/LoaderRunner.js:1:715)]
    [at iteratePitchingLoaders (/Users/pulseplay/thrico/thrico-documentation/node_modules/.pnpm/next@16.3.0_@types+node@22.20.1_react-dom@19.2.8_react@19.2.8__react@19.2.8/node_modules/next/dist/compiled/loader-runner/LoaderRunner.js:1:4792)]
    [at runLoaders (/Users/pulseplay/thrico/thrico-documentation/node_modules/.pnpm/next@16.3.0_@types+node@22.20.1_react-dom@19.2.8_react@19.2.8__react@19.2.8/node_modules/next/dist/compiled/loader-runner/LoaderRunner.js:1:8588)]
    at runLoaders (turbopack:///[turbopack-node]/transforms/webpack-loaders.ts:182:5) [/Users/pulseplay/thrico/thrico-documentation/.next/build/chunks/[root-of-the-server]__0dhog6e._.js:258:9]
    [at <anonymous>]


./content/docs/billing/plans.mdx
Error: Error evaluating Node.js code
Error: require() of ES Module /Users/pulseplay/thrico/thrico-documentation/node_modules/.pnpm/fumadocs-mdx@15.2.2_@types+mdast@4.0.4_@types+mdx@2.0.14_@types+react@19.2.18_fumadocs-_a59a11a481c9a48fbad9142c59502b7c/node_modules/fumadocs-mdx/dist/webpack/mdx.js from /Users/pulseplay/thrico/thrico-documentation/node_modules/.pnpm/next@16.3.0_@types+node@22.20.1_react-dom@19.2.8_react@19.2.8__react@19.2.8/node_modules/next/dist/compiled/loader-runner/LoaderRunner.js not supported.
Instead change the require of mdx.js in /Users/pulseplay/thrico/thrico-documentation/node_modules/.pnpm/next@16.3.0_@types+node@22.20.1_react-dom@19.2.8_react@19.2.8__react@19.2.8/node_modules/next/dist/compiled/loader-runner/LoaderRunner.js to a dynamic import() which is available in all CommonJS modules.
    [at loadLoader (/Users/pulseplay/thrico/thrico-documentation/node_modules/.pnpm/next@16.3.0_@types+node@22.20.1_react-dom@19.2.8_react@19.2.8__react@19.2.8/node_modules/next/dist/compiled/loader-runner/LoaderRunner.js:1:715)]
    [at iteratePitchingLoaders (/Users/pulseplay/thrico/thrico-documentation/node_modules/.pnpm/next@16.3.0_@types+node@22.20.1_react-dom@19.2.8_react@19.2.8__react@19.2.8/node_modules/next/dist/compiled/loader-runner/LoaderRunner.js:1:4792)]
    [at runLoaders (/Users/pulseplay/thrico/thrico-documentation/node_modules/.pnpm/next@16.3.0_@types+node@22.20.1_react-dom@19.2.8_react@19.2.8__react@19.2.8/node_modules/next/dist/compiled/loader-runner/LoaderRunner.js:1:8588)]
    at runLoaders (turbopack:///[turbopack-node]/transforms/webpack-loaders.ts:182:5) [/Users/pulseplay/thrico/thrico-documentation/.next/build/chunks/[root-of-the-server]__0dhog6e._.js:258:9]
    [at <anonymous>]


./content/docs/billing/subscriptions.mdx
Error: Error evaluating Node.js code
Error: require() of ES Module /Users/pulseplay/thrico/thrico-documentation/node_modules/.pnpm/fumadocs-mdx@15.2.2_@types+mdast@4.0.4_@types+mdx@2.0.14_@types+react@19.2.18_fumadocs-_a59a11a481c9a48fbad9142c59502b7c/node_modules/fumadocs-mdx/dist/webpack/mdx.js from /Users/pulseplay/thrico/thrico-documentation/node_modules/.pnpm/next@16.3.0_@types+node@22.20.1_react-dom@19.2.8_react@19.2.8__react@19.2.8/node_modules/next/dist/compiled/loader-runner/LoaderRunner.js not supported.
Instead change the require of mdx.js in /Users/pulseplay/thrico/thrico-documentation/node_modules/.pnpm/next@16.3.0_@types+node@22.20.1_react-dom@19.2.8_react@19.2.8__react@19.2.8/node_modules/next/dist/compiled/loader-runner/LoaderRunner.js to a dynamic import() which is available in all CommonJS modules.
    [at loadLoader (/Users/pulseplay/thrico/thrico-documentation/node_modules/.pnpm/next@16.3.0_@types+node@22.20.1_react-dom@19.2.8_react@19.2.8__react@19.2.8/node_modules/next/dist/compiled/loader-runner/LoaderRunner.js:1:715)]
    [at iteratePitchingLoaders (/Users/pulseplay/thrico/thrico-documentation/node_modules/.pnpm/next@16.3.0_@types+node@22.20.1_react-dom@19.2.8_react@19.2.8__react@19.2.8/node_modules/next/dist/compiled/loader-runner/LoaderRunner.js:1:4792)]
    [at runLoaders (/Users/pulseplay/thrico/thrico-documentation/node_modules/.pnpm/next@16.3.0_@types+node@22.20.1_react-dom@19.2.8_react@19.2.8__react@19.2.8/node_modules/next/dist/compiled/loader-runner/LoaderRunner.js:1:8588)]
    at runLoaders (turbopack:///[turbopack-node]/transforms/webpack-loaders.ts:182:5) [/Users/pulseplay/thrico/thrico-documentation/.next/build/chunks/[root-of-the-server]__0dhog6e._.js:258:9]
    [at <anonymous>]


./content/docs/billing/usage.mdx
Error: Error evaluating Node.js code
Error: require() of ES Module /Users/pulseplay/thrico/thrico-documentation/node_modules/.pnpm/fumadocs-mdx@15.2.2_@types+mdast@4.0.4_@types+mdx@2.0.14_@types+react@19.2.18_fumadocs-_a59a11a481c9a48fbad9142c59502b7c/node_modules/fumadocs-mdx/dist/webpack/mdx.js from /Users/pulseplay/thrico/thrico-documentation/node_modules/.pnpm/next@16.3.0_@types+node@22.20.1_react-dom@19.2.8_react@19.2.8__react@19.2.8/node_modules/next/dist/compiled/loader-runner/LoaderRunner.js not supported.
Instead change the require of mdx.js in /Users/pulseplay/thrico/thrico-documentation/node_modules/.pnpm/next@16.3.0_@types+node@22.20.1_react-dom@19.2.8_react@19.2.8__react@19.2.8/node_modules/next/dist/compiled/loader-runner/LoaderRunner.js to a dynamic import() which is available in all CommonJS modules.
    [at loadLoader (/Users/pulseplay/thrico/thrico-documentation/node_modules/.pnpm/next@16.3.0_@types+node@22.20.1_react-dom@19.2.8_react@19.2.8__react@19.2.8/node_modules/next/dist/compiled/loader-runner/LoaderRunner.js:1:715)]
    [at iteratePitchingLoaders (/Users/pulseplay/thrico/thrico-documentation/node_modules/.pnpm/next@16.3.0_@types+node@22.20.1_react-dom@19.2.8_react@19.2.8__react@19.2.8/node_modules/next/dist/compiled/loader-runner/LoaderRunner.js:1:4792)]
    [at runLoaders (/Users/pulseplay/thrico/thrico-documentation/node_modules/.pnpm/next@16.3.0_@types+node@22.20.1_react-dom@19.2.8_react@19.2.8__react@19.2.8/node_modules/next/dist/compiled/loader-runner/LoaderRunner.js:1:8588)]
    at runLoaders (turbopack:///[turbopack-node]/transforms/webpack-loaders.ts:182:5) [/Users/pulseplay/thrico/thrico-documentation/.next/build/chunks/[root-of-the-server]__0dhog6e._.js:258:9]
    [at <anonymous>]


./content/docs/community/branding.mdx
Error: Error evaluating Node.js code
Error: require() of ES Module /Users/pulseplay/thrico/thrico-documentation/node_modules/.pnpm/fumadocs-mdx@15.2.2_@types+mdast@4.0.4_@types+mdx@2.0.14_@types+react@19.2.18_fumadocs-_a59a11a481c9a48fbad9142c59502b7c/node_modules/fumadocs-mdx/dist/webpack/mdx.js from /Users/pulseplay/thrico/thrico-documentation/node_modules/.pnpm/next@16.3.0_@types+node@22.20.1_react-dom@19.2.8_react@19.2.8__react@19.2.8/node_modules/next/dist/compiled/loader-runner/LoaderRunner.js not supported.
Instead change the require of mdx.js in /Users/pulseplay/thrico/thrico-documentation/node_modules/.pnpm/next@16.3.0_@types+node@22.20.1_react-dom@19.2.8_react@19.2.8__react@19.2.8/node_modules/next/dist/compiled/loader-runner/LoaderRunner.js to a dynamic import() which is available in all CommonJS modules.
    [at loadLoader (/Users/pulseplay/thrico/thrico-documentation/node_modules/.pnpm/next@16.3.0_@types+node@22.20.1_react-dom@19.2.8_react@19.2.8__react@19.2.8/node_modules/next/dist/compiled/loader-runner/LoaderRunner.js:1:715)]
    [at iteratePitchingLoaders (/Users/pulseplay/thrico/thrico-documentation/node_modules/.pnpm/next@16.3.0_@types+node@22.20.1_react-dom@19.2.8_react@19.2.8__react@19.2.8/node_modules/next/dist/compiled/loader-runner/LoaderRunner.js:1:4792)]
    [at runLoaders (/Users/pulseplay/thrico/thrico-documentation/node_modules/.pnpm/next@16.3.0_@types+node@22.20.1_react-dom@19.2.8_react@19.2.8__react@19.2.8/node_modules/next/dist/compiled/loader-runner/LoaderRunner.js:1:8588)]
    at runLoaders (turbopack:///[turbopack-node]/transforms/webpack-loaders.ts:182:5) [/Users/pulseplay/thrico/thrico-documentation/.next/build/chunks/[root-of-the-server]__0dhog6e._.js:258:9]
    [at <anonymous>]


./content/docs/community/create-community.mdx
Error: Error evaluating Node.js code
Error: require() of ES Module /Users/pulseplay/thrico/thrico-documentation/node_modules/.pnpm/fumadocs-mdx@15.2.2_@types+mdast@4.0.4_@types+mdx@2.0.14_@types+react@19.2.18_fumadocs-_a59a11a481c9a48fbad9142c59502b7c/node_modules/fumadocs-mdx/dist/webpack/mdx.js from /Users/pulseplay/thrico/thrico-documentation/node_modules/.pnpm/next@16.3.0_@types+node@22.20.1_react-dom@19.2.8_react@19.2.8__react@19.2.8/node_modules/next/dist/compiled/loader-runner/LoaderRunner.js not supported.
Instead change the require of mdx.js in /Users/pulseplay/thrico/thrico-documentation/node_modules/.pnpm/next@16.3.0_@types+node@22.20.1_react-dom@19.2.8_react@19.2.8__react@19.2.8/node_modules/next/dist/compiled/loader-runner/LoaderRunner.js to a dynamic import() which is available in all CommonJS modules.
    [at loadLoader (/Users/pulseplay/thrico/thrico-documentation/node_modules/.pnpm/next@16.3.0_@types+node@22.20.1_react-dom@19.2.8_react@19.2.8__react@19.2.8/node_modules/next/dist/compiled/loader-runner/LoaderRunner.js:1:715)]
    [at iteratePitchingLoaders (/Users/pulseplay/thrico/thrico-documentation/node_modules/.pnpm/next@16.3.0_@types+node@22.20.1_react-dom@19.2.8_react@19.2.8__react@19.2.8/node_modules/next/dist/compiled/loader-runner/LoaderRunner.js:1:4792)]
    [at runLoaders (/Users/pulseplay/thrico/thrico-documentation/node_modules/.pnpm/next@16.3.0_@types+node@22.20.1_react-dom@19.2.8_react@19.2.8__react@19.2.8/node_modules/next/dist/compiled/loader-runner/LoaderRunner.js:1:8588)]
    at runLoaders (turbopack:///[turbopack-node]/transforms/webpack-loaders.ts:182:5) [/Users/pulseplay/thrico/thrico-documentation/.next/build/chunks/[root-of-the-server]__0dhog6e._.js:258:9]
    [at <anonymous>]


./content/docs/community/index.mdx
Error: Error evaluating Node.js code
Error: require() of ES Module /Users/pulseplay/thrico/thrico-documentation/node_modules/.pnpm/fumadocs-mdx@15.2.2_@types+mdast@4.0.4_@types+mdx@2.0.14_@types+react@19.2.18_fumadocs-_a59a11a481c9a48fbad9142c59502b7c/node_modules/fumadocs-mdx/dist/webpack/mdx.js from /Users/pulseplay/thrico/thrico-documentation/node_modules/.pnpm/next@16.3.0_@types+node@22.20.1_react-dom@19.2.8_react@19.2.8__react@19.2.8/node_modules/next/dist/compiled/loader-runner/LoaderRunner.js not supported.
Instead change the require of mdx.js in /Users/pulseplay/thrico/thrico-documentation/node_modules/.pnpm/next@16.3.0_@types+node@22.20.1_react-dom@19.2.8_react@19.2.8__react@19.2.8/node_modules/next/dist/compiled/loader-runner/LoaderRunner.js to a dynamic import() which is available in all CommonJS modules.
    [at loadLoader (/Users/pulseplay/thrico/thrico-documentation/node_modules/.pnpm/next@16.3.0_@types+node@22.20.1_react-dom@19.2.8_react@19.2.8__react@19.2.8/node_modules/next/dist/compiled/loader-runner/LoaderRunner.js:1:715)]
    [at iteratePitchingLoaders (/Users/pulseplay/thrico/thrico-documentation/node_modules/.pnpm/next@16.3.0_@types+node@22.20.1_react-dom@19.2.8_react@19.2.8__react@19.2.8/node_modules/next/dist/compiled/loader-runner/LoaderRunner.js:1:4792)]
    [at runLoaders (/Users/pulseplay/thrico/thrico-documentation/node_modules/.pnpm/next@16.3.0_@types+node@22.20.1_react-dom@19.2.8_react@19.2.8__react@19.2.8/node_modules/next/dist/compiled/loader-runner/LoaderRunner.js:1:8588)]
    at runLoaders (turbopack:///[turbopack-node]/transforms/webpack-loaders.ts:182:5) [/Users/pulseplay/thrico/thrico-documentation/.next/build/chunks/[root-of-the-server]__0dhog6e._.js:258:9]
    [at <anonymous>]


./content/docs/community/moderators.mdx
Error: Error evaluating Node.js code
Error: require() of ES Module /Users/pulseplay/thrico/thrico-documentation/node_modules/.pnpm/fumadocs-mdx@15.2.2_@types+mdast@4.0.4_@types+mdx@2.0.14_@types+react@19.2.18_fumadocs-_a59a11a481c9a48fbad9142c59502b7c/node_modules/fumadocs-mdx/dist/webpack/mdx.js from /Users/pulseplay/thrico/thrico-documentation/node_modules/.pnpm/next@16.3.0_@types+node@22.20.1_react-dom@19.2.8_react@19.2.8__react@19.2.8/node_modules/next/dist/compiled/loader-runner/LoaderRunner.js not supported.
Instead change the require of mdx.js in /Users/pulseplay/thrico/thrico-documentation/node_modules/.pnpm/next@16.3.0_@types+node@22.20.1_react-dom@19.2.8_react@19.2.8__react@19.2.8/node_modules/next/dist/compiled/loader-runner/LoaderRunner.js to a dynamic import() which is available in all CommonJS modules.
    [at loadLoader (/Users/pulseplay/thrico/thrico-documentation/node_modules/.pnpm/next@16.3.0_@types+node@22.20.1_react-dom@19.2.8_react@19.2.8__react@19.2.8/node_modules/next/dist/compiled/loader-runner/LoaderRunner.js:1:715)]
    [at iteratePitchingLoaders (/Users/pulseplay/thrico/thrico-documentation/node_modules/.pnpm/next@16.3.0_@types+node@22.20.1_react-dom@19.2.8_react@19.2.8__react@19.2.8/node_modules/next/dist/compiled/loader-runner/LoaderRunner.js:1:4792)]
    [at runLoaders (/Users/pulseplay/thrico/thrico-documentation/node_modules/.pnpm/next@16.3.0_@types+node@22.20.1_react-dom@19.2.8_react@19.2.8__react@19.2.8/node_modules/next/dist/compiled/loader-runner/LoaderRunner.js:1:8588)]
    at runLoaders (turbopack:///[turbopack-node]/transforms/webpack-loaders.ts:182:5) [/Users/pulseplay/thrico/thrico-documentation/.next/build/chunks/[root-of-the-server]__0dhog6e._.js:258:9]
    [at <anonymous>]


./content/docs/community/permissions.mdx
Error: Error evaluating Node.js code
Error: require() of ES Module /Users/pulseplay/thrico/thrico-documentation/node_modules/.pnpm/fumadocs-mdx@15.2.2_@types+mdast@4.0.4_@types+mdx@2.0.14_@types+react@19.2.18_fumadocs-_a59a11a481c9a48fbad9142c59502b7c/node_modules/fumadocs-mdx/dist/webpack/mdx.js from /Users/pulseplay/thrico/thrico-documentation/node_modules/.pnpm/next@16.3.0_@types+node@22.20.1_react-dom@19.2.8_react@19.2.8__react@19.2.8/node_modules/next/dist/compiled/loader-runner/LoaderRunner.js not supported.
Instead change the require of mdx.js in /Users/pulseplay/thrico/thrico-documentation/node_modules/.pnpm/next@16.3.0_@types+node@22.20.1_react-dom@19.2.8_react@19.2.8__react@19.2.8/node_modules/next/dist/compiled/loader-runner/LoaderRunner.js to a dynamic import() which is available in all CommonJS modules.
    [at loadLoader (/Users/pulseplay/thrico/thrico-documentation/node_modules/.pnpm/next@16.3.0_@types+node@22.20.1_react-dom@19.2.8_react@19.2.8__react@19.2.8/node_modules/next/dist/compiled/loader-runner/LoaderRunner.js:1:715)]
    [at iteratePitchingLoaders (/Users/pulseplay/thrico/thrico-documentation/node_modules/.pnpm/next@16.3.0_@types+node@22.20.1_react-dom@19.2.8_react@19.2.8__react@19.2.8/node_modules/next/dist/compiled/loader-runner/LoaderRunner.js:1:4792)]
    [at runLoaders (/Users/pulseplay/thrico/thrico-documentation/node_modules/.pnpm/next@16.3.0_@types+node@22.20.1_react-dom@19.2.8_react@19.2.8__react@19.2.8/node_modules/next/dist/compiled/loader-runner/LoaderRunner.js:1:8588)]
    at runLoaders (turbopack:///[turbopack-node]/transforms/webpack-loaders.ts:182:5) [/Users/pulseplay/thrico/thrico-documentation/.next/build/chunks/[root-of-the-server]__0dhog6e._.js:258:9]
    [at <anonymous>]


./content/docs/community/roles.mdx
Error: Error evaluating Node.js code
Error: require() of ES Module /Users/pulseplay/thrico/thrico-documentation/node_modules/.pnpm/fumadocs-mdx@15.2.2_@types+mdast@4.0.4_@types+mdx@2.0.14_@types+react@19.2.18_fumadocs-_a59a11a481c9a48fbad9142c59502b7c/node_modules/fumadocs-mdx/dist/webpack/mdx.js from /Users/pulseplay/thrico/thrico-documentation/node_modules/.pnpm/next@16.3.0_@types+node@22.20.1_react-dom@19.2.8_react@19.2.8__react@19.2.8/node_modules/next/dist/compiled/loader-runner/LoaderRunner.js not supported.
Instead change the require of mdx.js in /Users/pulseplay/thrico/thrico-documentation/node_modules/.pnpm/next@16.3.0_@types+node@22.20.1_react-dom@19.2.8_react@19.2.8__react@19.2.8/node_modules/next/dist/compiled/loader-runner/LoaderRunner.js to a dynamic import() which is available in all CommonJS modules.
    [at loadLoader (/Users/pulseplay/thrico/thrico-documentation/node_modules/.pnpm/next@16.3.0_@types+node@22.20.1_react-dom@19.2.8_react@19.2.8__react@19.2.8/node_modules/next/dist/compiled/loader-runner/LoaderRunner.js:1:715)]
    [at iteratePitchingLoaders (/Users/pulseplay/thrico/thrico-documentation/node_modules/.pnpm/next@16.3.0_@types+node@22.20.1_react-dom@19.2.8_react@19.2.8__react@19.2.8/node_modules/next/dist/compiled/loader-runner/LoaderRunner.js:1:4792)]
    [at runLoaders (/Users/pulseplay/thrico/thrico-documentation/node_modules/.pnpm/next@16.3.0_@types+node@22.20.1_react-dom@19.2.8_react@19.2.8__react@19.2.8/node_modules/next/dist/compiled/loader-runner/LoaderRunner.js:1:8588)]
    at runLoaders (turbopack:///[turbopack-node]/transforms/webpack-loaders.ts:182:5) [/Users/pulseplay/thrico/thrico-documentation/.next/build/chunks/[root-of-the-server]__0dhog6e._.js:258:9]
    [at <anonymous>]


./content/docs/community/settings.mdx
Error: Error evaluating Node.js code
Error: require() of ES Module /Users/pulseplay/thrico/thrico-documentation/node_modules/.pnpm/fumadocs-mdx@15.2.2_@types+mdast@4.0.4_@types+mdx@2.0.14_@types+react@19.2.18_fumadocs-_a59a11a481c9a48fbad9142c59502b7c/node_modules/fumadocs-mdx/dist/webpack/mdx.js from /Users/pulseplay/thrico/thrico-documentation/node_modules/.pnpm/next@16.3.0_@types+node@22.20.1_react-dom@19.2.8_react@19.2.8__react@19.2.8/node_modules/next/dist/compiled/loader-runner/LoaderRunner.js not supported.
Instead change the require of mdx.js in /Users/pulseplay/thrico/thrico-documentation/node_modules/.pnpm/next@16.3.0_@types+node@22.20.1_react-dom@19.2.8_react@19.2.8__react@19.2.8/node_modules/next/dist/compiled/loader-runner/LoaderRunner.js to a dynamic import() which is available in all CommonJS modules.
    [at loadLoader (/Users/pulseplay/thrico/thrico-documentation/node_modules/.pnpm/next@16.3.0_@types+node@22.20.1_react-dom@19.2.8_react@19.2.8__react@19.2.8/node_modules/next/dist/compiled/loader-runner/LoaderRunner.js:1:715)]
    [at iteratePitchingLoaders (/Users/pulseplay/thrico/thrico-documentation/node_modules/.pnpm/next@16.3.0_@types+node@22.20.1_react-dom@19.2.8_react@19.2.8__react@19.2.8/node_modules/next/dist/compiled/loader-runner/LoaderRunner.js:1:4792)]
    [at runLoaders (/Users/pulseplay/thrico/thrico-documentation/node_modules/.pnpm/next@16.3.0_@types+node@22.20.1_react-dom@19.2.8_react@19.2.8__react@19.2.8/node_modules/next/dist/compiled/loader-runner/LoaderRunner.js:1:8588)]
    at runLoaders (turbopack:///[turbopack-node]/transforms/webpack-loaders.ts:182:5) [/Users/pulseplay/thrico/thrico-documentation/.next/build/chunks/[root-of-the-server]__0dhog6e._.js:258:9]
    [at <anonymous>]


./content/docs/donations/campaigns.mdx
Error: Error evaluating Node.js code
Error: require() of ES Module /Users/pulseplay/thrico/thrico-documentation/node_modules/.pnpm/fumadocs-mdx@15.2.2_@types+mdast@4.0.4_@types+mdx@2.0.14_@types+react@19.2.18_fumadocs-_a59a11a481c9a48fbad9142c59502b7c/node_modules/fumadocs-mdx/dist/webpack/mdx.js from /Users/pulseplay/thrico/thrico-documentation/node_modules/.pnpm/next@16.3.0_@types+node@22.20.1_react-dom@19.2.8_react@19.2.8__react@19.2.8/node_modules/next/dist/compiled/loader-runner/LoaderRunner.js not supported.
Instead change the require of mdx.js in /Users/pulseplay/thrico/thrico-documentation/node_modules/.pnpm/next@16.3.0_@types+node@22.20.1_react-dom@19.2.8_react@19.2.8__react@19.2.8/node_modules/next/dist/compiled/loader-runner/LoaderRunner.js to a dynamic import() which is available in all CommonJS modules.
    [at loadLoader (/Users/pulseplay/thrico/thrico-documentation/node_modules/.pnpm/next@16.3.0_@types+node@22.20.1_react-dom@19.2.8_react@19.2.8__react@19.2.8/node_modules/next/dist/compiled/loader-runner/LoaderRunner.js:1:715)]
    [at iteratePitchingLoaders (/Users/pulseplay/thrico/thrico-documentation/node_modules/.pnpm/next@16.3.0_@types+node@22.20.1_react-dom@19.2.8_react@19.2.8__react@19.2.8/node_modules/next/dist/compiled/loader-runner/LoaderRunner.js:1:4792)]
    [at runLoaders (/Users/pulseplay/thrico/thrico-documentation/node_modules/.pnpm/next@16.3.0_@types+node@22.20.1_react-dom@19.2.8_react@19.2.8__react@19.2.8/node_modules/next/dist/compiled/loader-runner/LoaderRunner.js:1:8588)]
    at runLoaders (turbopack:///[turbopack-node]/transforms/webpack-loaders.ts:182:5) [/Users/pulseplay/thrico/thrico-documentation/.next/build/chunks/[root-of-the-server]__0dhog6e._.js:258:9]
    [at <anonymous>]


./content/docs/donations/goals.mdx
Error: Error evaluating Node.js code
Error: require() of ES Module /Users/pulseplay/thrico/thrico-documentation/node_modules/.pnpm/fumadocs-mdx@15.2.2_@types+mdast@4.0.4_@types+mdx@2.0.14_@types+react@19.2.18_fumadocs-_a59a11a481c9a48fbad9142c59502b7c/node_modules/fumadocs-mdx/dist/webpack/mdx.js from /Users/pulseplay/thrico/thrico-documentation/node_modules/.pnpm/next@16.3.0_@types+node@22.20.1_react-dom@19.2.8_react@19.2.8__react@19.2.8/node_modules/next/dist/compiled/loader-runner/LoaderRunner.js not supported.
Instead change the require of mdx.js in /Users/pulseplay/thrico/thrico-documentation/node_modules/.pnpm/next@16.3.0_@types+node@22.20.1_react-dom@19.2.8_react@19.2.8__react@19.2.8/node_modules/next/dist/compiled/loader-runner/LoaderRunner.js to a dynamic import() which is available in all CommonJS modules.
    [at loadLoader (/Users/pulseplay/thrico/thrico-documentation/node_modules/.pnpm/next@16.3.0_@types+node@22.20.1_react-dom@19.2.8_react@19.2.8__react@19.2.8/node_modules/next/dist/compiled/loader-runner/LoaderRunner.js:1:715)]
    [at iteratePitchingLoaders (/Users/pulseplay/thrico/thrico-documentation/node_modules/.pnpm/next@16.3.0_@types+node@22.20.1_react-dom@19.2.8_react@19.2.8__react@19.2.8/node_modules/next/dist/compiled/loader-runner/LoaderRunner.js:1:4792)]
    [at runLoaders (/Users/pulseplay/thrico/thrico-documentation/node_modules/.pnpm/next@16.3.0_@types+node@22.20.1_react-dom@19.2.8_react@19.2.8__react@19.2.8/node_modules/next/dist/compiled/loader-runner/LoaderRunner.js:1:8588)]
    at runLoaders (turbopack:///[turbopack-node]/transforms/webpack-loaders.ts:182:5) [/Users/pulseplay/thrico/thrico-documentation/.next/build/chunks/[root-of-the-server]__0dhog6e._.js:258:9]
    [at <anonymous>]


./content/docs/donations/index.mdx
Error: Error evaluating Node.js code
Error: require() of ES Module /Users/pulseplay/thrico/thrico-documentation/node_modules/.pnpm/fumadocs-mdx@15.2.2_@types+mdast@4.0.4_@types+mdx@2.0.14_@types+react@19.2.18_fumadocs-_a59a11a481c9a48fbad9142c59502b7c/node_modules/fumadocs-mdx/dist/webpack/mdx.js from /Users/pulseplay/thrico/thrico-documentation/node_modules/.pnpm/next@16.3.0_@types+node@22.20.1_react-dom@19.2.8_react@19.2.8__react@19.2.8/node_modules/next/dist/compiled/loader-runner/LoaderRunner.js not supported.
Instead change the require of mdx.js in /Users/pulseplay/thrico/thrico-documentation/node_modules/.pnpm/next@16.3.0_@types+node@22.20.1_react-dom@19.2.8_react@19.2.8__react@19.2.8/node_modules/next/dist/compiled/loader-runner/LoaderRunner.js to a dynamic import() which is available in all CommonJS modules.
    [at loadLoader (/Users/pulseplay/thrico/thrico-documentation/node_modules/.pnpm/next@16.3.0_@types+node@22.20.1_react-dom@19.2.8_react@19.2.8__react@19.2.8/node_modules/next/dist/compiled/loader-runner/LoaderRunner.js:1:715)]
    [at iteratePitchingLoaders (/Users/pulseplay/thrico/thrico-documentation/node_modules/.pnpm/next@16.3.0_@types+node@22.20.1_react-dom@19.2.8_react@19.2.8__react@19.2.8/node_modules/next/dist/compiled/loader-runner/LoaderRunner.js:1:4792)]
    [at runLoaders (/Users/pulseplay/thrico/thrico-documentation/node_modules/.pnpm/next@16.3.0_@types+node@22.20.1_react-dom@19.2.8_react@19.2.8__react@19.2.8/node_modules/next/dist/compiled/loader-runner/LoaderRunner.js:1:8588)]
    at runLoaders (turbopack:///[turbopack-node]/transforms/webpack-loaders.ts:182:5) [/Users/pulseplay/thrico/thrico-documentation/.next/build/chunks/[root-of-the-server]__0dhog6e._.js:258:9]
    [at <anonymous>]


./content/docs/donations/reports.mdx
Error: Error evaluating Node.js code
Error: require() of ES Module /Users/pulseplay/thrico/thrico-documentation/node_modules/.pnpm/fumadocs-mdx@15.2.2_@types+mdast@4.0.4_@types+mdx@2.0.14_@types+react@19.2.18_fumadocs-_a59a11a481c9a48fbad9142c59502b7c/node_modules/fumadocs-mdx/dist/webpack/mdx.js from /Users/pulseplay/thrico/thrico-documentation/node_modules/.pnpm/next@16.3.0_@types+node@22.20.1_react-dom@19.2.8_react@19.2.8__react@19.2.8/node_modules/next/dist/compiled/loader-runner/LoaderRunner.js not supported.
Instead change the require of mdx.js in /Users/pulseplay/thrico/thrico-documentation/node_modules/.pnpm/next@16.3.0_@types+node@22.20.1_react-dom@19.2.8_react@19.2.8__react@19.2.8/node_modules/next/dist/compiled/loader-runner/LoaderRunner.js to a dynamic import() which is available in all CommonJS modules.
    [at loadLoader (/Users/pulseplay/thrico/thrico-documentation/node_modules/.pnpm/next@16.3.0_@types+node@22.20.1_react-dom@19.2.8_react@19.2.8__react@19.2.8/node_modules/next/dist/compiled/loader-runner/LoaderRunner.js:1:715)]
    [at iteratePitchingLoaders (/Users/pulseplay/thrico/thrico-documentation/node_modules/.pnpm/next@16.3.0_@types+node@22.20.1_react-dom@19.2.8_react@19.2.8__react@19.2.8/node_modules/next/dist/compiled/loader-runner/LoaderRunner.js:1:4792)]
    [at runLoaders (/Users/pulseplay/thrico/thrico-documentation/node_modules/.pnpm/next@16.3.0_@types+node@22.20.1_react-dom@19.2.8_react@19.2.8__react@19.2.8/node_modules/next/dist/compiled/loader-runner/LoaderRunner.js:1:8588)]
    at runLoaders (turbopack:///[turbopack-node]/transforms/webpack-loaders.ts:182:5) [/Users/pulseplay/thrico/thrico-documentation/.next/build/chunks/[root-of-the-server]__0dhog6e._.js:258:9]
    [at <anonymous>]


./content/docs/email-templates/index.mdx
Error: Error evaluating Node.js code
Error: require() of ES Module /Users/pulseplay/thrico/thrico-documentation/node_modules/.pnpm/fumadocs-mdx@15.2.2_@types+mdast@4.0.4_@types+mdx@2.0.14_@types+react@19.2.18_fumadocs-_a59a11a481c9a48fbad9142c59502b7c/node_modules/fumadocs-mdx/dist/webpack/mdx.js from /Users/pulseplay/thrico/thrico-documentation/node_modules/.pnpm/next@16.3.0_@types+node@22.20.1_react-dom@19.2.8_react@19.2.8__react@19.2.8/node_modules/next/dist/compiled/loader-runner/LoaderRunner.js not supported.
Instead change the require of mdx.js in /Users/pulseplay/thrico/thrico-documentation/node_modules/.pnpm/next@16.3.0_@types+node@22.20.1_react-dom@19.2.8_react@19.2.8__react@19.2.8/node_modules/next/dist/compiled/loader-runner/LoaderRunner.js to a dynamic import() which is available in all CommonJS modules.
    [at loadLoader (/Users/pulseplay/thrico/thrico-documentation/node_modules/.pnpm/next@16.3.0_@types+node@22.20.1_react-dom@19.2.8_react@19.2.8__react@19.2.8/node_modules/next/dist/compiled/loader-runner/LoaderRunner.js:1:715)]
    [at iteratePitchingLoaders (/Users/pulseplay/thrico/thrico-documentation/node_modules/.pnpm/next@16.3.0_@types+node@22.20.1_react-dom@19.2.8_react@19.2.8__react@19.2.8/node_modules/next/dist/compiled/loader-runner/LoaderRunner.js:1:4792)]
    [at runLoaders (/Users/pulseplay/thrico/thrico-documentation/node_modules/.pnpm/next@16.3.0_@types+node@22.20.1_react-dom@19.2.8_react@19.2.8__react@19.2.8/node_modules/next/dist/compiled/loader-runner/LoaderRunner.js:1:8588)]
    at runLoaders (turbopack:///[turbopack-node]/transforms/webpack-loaders.ts:182:5) [/Users/pulseplay/thrico/thrico-documentation/.next/build/chunks/[root-of-the-server]__0dhog6e._.js:258:9]
    [at <anonymous>]


./content/docs/entity/billing.mdx
Error: Error evaluating Node.js code
Error: require() of ES Module /Users/pulseplay/thrico/thrico-documentation/node_modules/.pnpm/fumadocs-mdx@15.2.2_@types+mdast@4.0.4_@types+mdx@2.0.14_@types+react@19.2.18_fumadocs-_a59a11a481c9a48fbad9142c59502b7c/node_modules/fumadocs-mdx/dist/webpack/mdx.js from /Users/pulseplay/thrico/thrico-documentation/node_modules/.pnpm/next@16.3.0_@types+node@22.20.1_react-dom@19.2.8_react@19.2.8__react@19.2.8/node_modules/next/dist/compiled/loader-runner/LoaderRunner.js not supported.
Instead change the require of mdx.js in /Users/pulseplay/thrico/thrico-documentation/node_modules/.pnpm/next@16.3.0_@types+node@22.20.1_react-dom@19.2.8_react@19.2.8__react@19.2.8/node_modules/next/dist/compiled/loader-runner/LoaderRunner.js to a dynamic import() which is available in all CommonJS modules.
    [at loadLoader (/Users/pulseplay/thrico/thrico-documentation/node_modules/.pnpm/next@16.3.0_@types+node@22.20.1_react-dom@19.2.8_react@19.2.8__react@19.2.8/node_modules/next/dist/compiled/loader-runner/LoaderRunner.js:1:715)]
    [at iteratePitchingLoaders (/Users/pulseplay/thrico/thrico-documentation/node_modules/.pnpm/next@16.3.0_@types+node@22.20.1_react-dom@19.2.8_react@19.2.8__react@19.2.8/node_modules/next/dist/compiled/loader-runner/LoaderRunner.js:1:4792)]
    [at runLoaders (/Users/pulseplay/thrico/thrico-documentation/node_modules/.pnpm/next@16.3.0_@types+node@22.20.1_react-dom@19.2.8_react@19.2.8__react@19.2.8/node_modules/next/dist/compiled/loader-runner/LoaderRunner.js:1:8588)]
    at runLoaders (turbopack:///[turbopack-node]/transforms/webpack-loaders.ts:182:5) [/Users/pulseplay/thrico/thrico-documentation/.next/build/chunks/[root-of-the-server]__0dhog6e._.js:258:9]
    [at <anonymous>]


./content/docs/entity/branding.mdx
Error: Error evaluating Node.js code
Error: require() of ES Module /Users/pulseplay/thrico/thrico-documentation/node_modules/.pnpm/fumadocs-mdx@15.2.2_@types+mdast@4.0.4_@types+mdx@2.0.14_@types+react@19.2.18_fumadocs-_a59a11a481c9a48fbad9142c59502b7c/node_modules/fumadocs-mdx/dist/webpack/mdx.js from /Users/pulseplay/thrico/thrico-documentation/node_modules/.pnpm/next@16.3.0_@types+node@22.20.1_react-dom@19.2.8_react@19.2.8__react@19.2.8/node_modules/next/dist/compiled/loader-runner/LoaderRunner.js not supported.
Instead change the require of mdx.js in /Users/pulseplay/thrico/thrico-documentation/node_modules/.pnpm/next@16.3.0_@types+node@22.20.1_react-dom@19.2.8_react@19.2.8__react@19.2.8/node_modules/next/dist/compiled/loader-runner/LoaderRunner.js to a dynamic import() which is available in all CommonJS modules.
    [at loadLoader (/Users/pulseplay/thrico/thrico-documentation/node_modules/.pnpm/next@16.3.0_@types+node@22.20.1_react-dom@19.2.8_react@19.2.8__react@19.2.8/node_modules/next/dist/compiled/loader-runner/LoaderRunner.js:1:715)]
    [at iteratePitchingLoaders (/Users/pulseplay/thrico/thrico-documentation/node_modules/.pnpm/next@16.3.0_@types+node@22.20.1_react-dom@19.2.8_react@19.2.8__react@19.2.8/node_modules/next/dist/compiled/loader-runner/LoaderRunner.js:1:4792)]
    [at runLoaders (/Users/pulseplay/thrico/thrico-documentation/node_modules/.pnpm/next@16.3.0_@types+node@22.20.1_react-dom@19.2.8_react@19.2.8__react@19.2.8/node_modules/next/dist/compiled/loader-runner/LoaderRunner.js:1:8588)]
    at runLoaders (turbopack:///[turbopack-node]/transforms/webpack-loaders.ts:182:5) [/Users/pulseplay/thrico/thrico-documentation/.next/build/chunks/[root-of-the-server]__0dhog6e._.js:258:9]
    [at <anonymous>]


./content/docs/entity/delete-entity.mdx
Error: Error evaluating Node.js code
Error: require() of ES Module /Users/pulseplay/thrico/thrico-documentation/node_modules/.pnpm/fumadocs-mdx@15.2.2_@types+mdast@4.0.4_@types+mdx@2.0.14_@types+react@19.2.18_fumadocs-_a59a11a481c9a48fbad9142c59502b7c/node_modules/fumadocs-mdx/dist/webpack/mdx.js from /Users/pulseplay/thrico/thrico-documentation/node_modules/.pnpm/next@16.3.0_@types+node@22.20.1_react-dom@19.2.8_react@19.2.8__react@19.2.8/node_modules/next/dist/compiled/loader-runner/LoaderRunner.js not supported.
Instead change the require of mdx.js in /Users/pulseplay/thrico/thrico-documentation/node_modules/.pnpm/next@16.3.0_@types+node@22.20.1_react-dom@19.2.8_react@19.2.8__react@19.2.8/node_modules/next/dist/compiled/loader-runner/LoaderRunner.js to a dynamic import() which is available in all CommonJS modules.
    [at loadLoader (/Users/pulseplay/thrico/thrico-documentation/node_modules/.pnpm/next@16.3.0_@types+node@22.20.1_react-dom@19.2.8_react@19.2.8__react@19.2.8/node_modules/next/dist/compiled/loader-runner/LoaderRunner.js:1:715)]
    [at iteratePitchingLoaders (/Users/pulseplay/thrico/thrico-documentation/node_modules/.pnpm/next@16.3.0_@types+node@22.20.1_react-dom@19.2.8_react@19.2.8__react@19.2.8/node_modules/next/dist/compiled/loader-runner/LoaderRunner.js:1:4792)]
    [at runLoaders (/Users/pulseplay/thrico/thrico-documentation/node_modules/.pnpm/next@16.3.0_@types+node@22.20.1_react-dom@19.2.8_react@19.2.8__react@19.2.8/node_modules/next/dist/compiled/loader-runner/LoaderRunner.js:1:8588)]
    at runLoaders (turbopack:///[turbopack-node]/transforms/webpack-loaders.ts:182:5) [/Users/pulseplay/thrico/thrico-documentation/.next/build/chunks/[root-of-the-server]__0dhog6e._.js:258:9]
    [at <anonymous>]


./content/docs/entity/domains.mdx
Error: Error evaluating Node.js code
Error: require() of ES Module /Users/pulseplay/thrico/thrico-documentation/node_modules/.pnpm/fumadocs-mdx@15.2.2_@types+mdast@4.0.4_@types+mdx@2.0.14_@types+react@19.2.18_fumadocs-_a59a11a481c9a48fbad9142c59502b7c/node_modules/fumadocs-mdx/dist/webpack/mdx.js from /Users/pulseplay/thrico/thrico-documentation/node_modules/.pnpm/next@16.3.0_@types+node@22.20.1_react-dom@19.2.8_react@19.2.8__react@19.2.8/node_modules/next/dist/compiled/loader-runner/LoaderRunner.js not supported.
Instead change the require of mdx.js in /Users/pulseplay/thrico/thrico-documentation/node_modules/.pnpm/next@16.3.0_@types+node@22.20.1_react-dom@19.2.8_react@19.2.8__react@19.2.8/node_modules/next/dist/compiled/loader-runner/LoaderRunner.js to a dynamic import() which is available in all CommonJS modules.
    [at loadLoader (/Users/pulseplay/thrico/thrico-documentation/node_modules/.pnpm/next@16.3.0_@types+node@22.20.1_react-dom@19.2.8_react@19.2.8__react@19.2.8/node_modules/next/dist/compiled/loader-runner/LoaderRunner.js:1:715)]
    [at iteratePitchingLoaders (/Users/pulseplay/thrico/thrico-documentation/node_modules/.pnpm/next@16.3.0_@types+node@22.20.1_react-dom@19.2.8_react@19.2.8__react@19.2.8/node_modules/next/dist/compiled/loader-runner/LoaderRunner.js:1:4792)]
    [at runLoaders (/Users/pulseplay/thrico/thrico-documentation/node_modules/.pnpm/next@16.3.0_@types+node@22.20.1_react-dom@19.2.8_react@19.2.8__react@19.2.8/node_modules/next/dist/compiled/loader-runner/LoaderRunner.js:1:8588)]
    at runLoaders (turbopack:///[turbopack-node]/transforms/webpack-loaders.ts:182:5) [/Users/pulseplay/thrico/thrico-documentation/.next/build/chunks/[root-of-the-server]__0dhog6e._.js:258:9]
    [at <anonymous>]


./content/docs/entity/edit-entity.mdx
Error: Error evaluating Node.js code
Error: require() of ES Module /Users/pulseplay/thrico/thrico-documentation/node_modules/.pnpm/fumadocs-mdx@15.2.2_@types+mdast@4.0.4_@types+mdx@2.0.14_@types+react@19.2.18_fumadocs-_a59a11a481c9a48fbad9142c59502b7c/node_modules/fumadocs-mdx/dist/webpack/mdx.js from /Users/pulseplay/thrico/thrico-documentation/node_modules/.pnpm/next@16.3.0_@types+node@22.20.1_react-dom@19.2.8_react@19.2.8__react@19.2.8/node_modules/next/dist/compiled/loader-runner/LoaderRunner.js not supported.
Instead change the require of mdx.js in /Users/pulseplay/thrico/thrico-documentation/node_modules/.pnpm/next@16.3.0_@types+node@22.20.1_react-dom@19.2.8_react@19.2.8__react@19.2.8/node_modules/next/dist/compiled/loader-runner/LoaderRunner.js to a dynamic import() which is available in all CommonJS modules.
    [at loadLoader (/Users/pulseplay/thrico/thrico-documentation/node_modules/.pnpm/next@16.3.0_@types+node@22.20.1_react-dom@19.2.8_react@19.2.8__react@19.2.8/node_modules/next/dist/compiled/loader-runner/LoaderRunner.js:1:715)]
    [at iteratePitchingLoaders (/Users/pulseplay/thrico/thrico-documentation/node_modules/.pnpm/next@16.3.0_@types+node@22.20.1_react-dom@19.2.8_react@19.2.8__react@19.2.8/node_modules/next/dist/compiled/loader-runner/LoaderRunner.js:1:4792)]
    [at runLoaders (/Users/pulseplay/thrico/thrico-documentation/node_modules/.pnpm/next@16.3.0_@types+node@22.20.1_react-dom@19.2.8_react@19.2.8__react@19.2.8/node_modules/next/dist/compiled/loader-runner/LoaderRunner.js:1:8588)]
    at runLoaders (turbopack:///[turbopack-node]/transforms/webpack-loaders.ts:182:5) [/Users/pulseplay/thrico/thrico-documentation/.next/build/chunks/[root-of-the-server]__0dhog6e._.js:258:9]
    [at <anonymous>]


./content/docs/entity/index.mdx
Error: Error evaluating Node.js code
Error: require() of ES Module /Users/pulseplay/thrico/thrico-documentation/node_modules/.pnpm/fumadocs-mdx@15.2.2_@types+mdast@4.0.4_@types+mdx@2.0.14_@types+react@19.2.18_fumadocs-_a59a11a481c9a48fbad9142c59502b7c/node_modules/fumadocs-mdx/dist/webpack/mdx.js from /Users/pulseplay/thrico/thrico-documentation/node_modules/.pnpm/next@16.3.0_@types+node@22.20.1_react-dom@19.2.8_react@19.2.8__react@19.2.8/node_modules/next/dist/compiled/loader-runner/LoaderRunner.js not supported.
Instead change the require of mdx.js in /Users/pulseplay/thrico/thrico-documentation/node_modules/.pnpm/next@16.3.0_@types+node@22.20.1_react-dom@19.2.8_react@19.2.8__react@19.2.8/node_modules/next/dist/compiled/loader-runner/LoaderRunner.js to a dynamic import() which is available in all CommonJS modules.
    [at loadLoader (/Users/pulseplay/thrico/thrico-documentation/node_modules/.pnpm/next@16.3.0_@types+node@22.20.1_react-dom@19.2.8_react@19.2.8__react@19.2.8/node_modules/next/dist/compiled/loader-runner/LoaderRunner.js:1:715)]
    [at iteratePitchingLoaders (/Users/pulseplay/thrico/thrico-documentation/node_modules/.pnpm/next@16.3.0_@types+node@22.20.1_react-dom@19.2.8_react@19.2.8__react@19.2.8/node_modules/next/dist/compiled/loader-runner/LoaderRunner.js:1:4792)]
    [at runLoaders (/Users/pulseplay/thrico/thrico-documentation/node_modules/.pnpm/next@16.3.0_@types+node@22.20.1_react-dom@19.2.8_react@19.2.8__react@19.2.8/node_modules/next/dist/compiled/loader-runner/LoaderRunner.js:1:8588)]
    at runLoaders (turbopack:///[turbopack-node]/transforms/webpack-loaders.ts:182:5) [/Users/pulseplay/thrico/thrico-documentation/.next/build/chunks/[root-of-the-server]__0dhog6e._.js:258:9]
    [at <anonymous>]


./content/docs/entity/packages.mdx
Error: Error evaluating Node.js code
Error: require() of ES Module /Users/pulseplay/thrico/thrico-documentation/node_modules/.pnpm/fumadocs-mdx@15.2.2_@types+mdast@4.0.4_@types+mdx@2.0.14_@types+react@19.2.18_fumadocs-_a59a11a481c9a48fbad9142c59502b7c/node_modules/fumadocs-mdx/dist/webpack/mdx.js from /Users/pulseplay/thrico/thrico-documentation/node_modules/.pnpm/next@16.3.0_@types+node@22.20.1_react-dom@19.2.8_react@19.2.8__react@19.2.8/node_modules/next/dist/compiled/loader-runner/LoaderRunner.js not supported.
Instead change the require of mdx.js in /Users/pulseplay/thrico/thrico-documentation/node_modules/.pnpm/next@16.3.0_@types+node@22.20.1_react-dom@19.2.8_react@19.2.8__react@19.2.8/node_modules/next/dist/compiled/loader-runner/LoaderRunner.js to a dynamic import() which is available in all CommonJS modules.
    [at loadLoader (/Users/pulseplay/thrico/thrico-documentation/node_modules/.pnpm/next@16.3.0_@types+node@22.20.1_react-dom@19.2.8_react@19.2.8__react@19.2.8/node_modules/next/dist/compiled/loader-runner/LoaderRunner.js:1:715)]
    [at iteratePitchingLoaders (/Users/pulseplay/thrico/thrico-documentation/node_modules/.pnpm/next@16.3.0_@types+node@22.20.1_react-dom@19.2.8_react@19.2.8__react@19.2.8/node_modules/next/dist/compiled/loader-runner/LoaderRunner.js:1:4792)]
    [at runLoaders (/Users/pulseplay/thrico/thrico-documentation/node_modules/.pnpm/next@16.3.0_@types+node@22.20.1_react-dom@19.2.8_react@19.2.8__react@19.2.8/node_modules/next/dist/compiled/loader-runner/LoaderRunner.js:1:8588)]
    at runLoaders (turbopack:///[turbopack-node]/transforms/webpack-loaders.ts:182:5) [/Users/pulseplay/thrico/thrico-documentation/.next/build/chunks/[root-of-the-server]__0dhog6e._.js:258:9]
    [at <anonymous>]


./content/docs/entity/register-entity.mdx
Error: Error evaluating Node.js code
Error: require() of ES Module /Users/pulseplay/thrico/thrico-documentation/node_modules/.pnpm/fumadocs-mdx@15.2.2_@types+mdast@4.0.4_@types+mdx@2.0.14_@types+react@19.2.18_fumadocs-_a59a11a481c9a48fbad9142c59502b7c/node_modules/fumadocs-mdx/dist/webpack/mdx.js from /Users/pulseplay/thrico/thrico-documentation/node_modules/.pnpm/next@16.3.0_@types+node@22.20.1_react-dom@19.2.8_react@19.2.8__react@19.2.8/node_modules/next/dist/compiled/loader-runner/LoaderRunner.js not supported.
Instead change the require of mdx.js in /Users/pulseplay/thrico/thrico-documentation/node_modules/.pnpm/next@16.3.0_@types+node@22.20.1_react-dom@19.2.8_react@19.2.8__react@19.2.8/node_modules/next/dist/compiled/loader-runner/LoaderRunner.js to a dynamic import() which is available in all CommonJS modules.
    [at loadLoader (/Users/pulseplay/thrico/thrico-documentation/node_modules/.pnpm/next@16.3.0_@types+node@22.20.1_react-dom@19.2.8_react@19.2.8__react@19.2.8/node_modules/next/dist/compiled/loader-runner/LoaderRunner.js:1:715)]
    [at iteratePitchingLoaders (/Users/pulseplay/thrico/thrico-documentation/node_modules/.pnpm/next@16.3.0_@types+node@22.20.1_react-dom@19.2.8_react@19.2.8__react@19.2.8/node_modules/next/dist/compiled/loader-runner/LoaderRunner.js:1:4792)]
    [at runLoaders (/Users/pulseplay/thrico/thrico-documentation/node_modules/.pnpm/next@16.3.0_@types+node@22.20.1_react-dom@19.2.8_react@19.2.8__react@19.2.8/node_modules/next/dist/compiled/loader-runner/LoaderRunner.js:1:8588)]
    at runLoaders (turbopack:///[turbopack-node]/transforms/webpack-loaders.ts:182:5) [/Users/pulseplay/thrico/thrico-documentation/.next/build/chunks/[root-of-the-server]__0dhog6e._.js:258:9]
    [at <anonymous>]


./content/docs/events/attendance.mdx
Error: Error evaluating Node.js code
Error: require() of ES Module /Users/pulseplay/thrico/thrico-documentation/node_modules/.pnpm/fumadocs-mdx@15.2.2_@types+mdast@4.0.4_@types+mdx@2.0.14_@types+react@19.2.18_fumadocs-_a59a11a481c9a48fbad9142c59502b7c/node_modules/fumadocs-mdx/dist/webpack/mdx.js from /Users/pulseplay/thrico/thrico-documentation/node_modules/.pnpm/next@16.3.0_@types+node@22.20.1_react-dom@19.2.8_react@19.2.8__react@19.2.8/node_modules/next/dist/compiled/loader-runner/LoaderRunner.js not supported.
Instead change the require of mdx.js in /Users/pulseplay/thrico/thrico-documentation/node_modules/.pnpm/next@16.3.0_@types+node@22.20.1_react-dom@19.2.8_react@19.2.8__react@19.2.8/node_modules/next/dist/compiled/loader-runner/LoaderRunner.js to a dynamic import() which is available in all CommonJS modules.
    [at loadLoader (/Users/pulseplay/thrico/thrico-documentation/node_modules/.pnpm/next@16.3.0_@types+node@22.20.1_react-dom@19.2.8_react@19.2.8__react@19.2.8/node_modules/next/dist/compiled/loader-runner/LoaderRunner.js:1:715)]
    [at iteratePitchingLoaders (/Users/pulseplay/thrico/thrico-documentation/node_modules/.pnpm/next@16.3.0_@types+node@22.20.1_react-dom@19.2.8_react@19.2.8__react@19.2.8/node_modules/next/dist/compiled/loader-runner/LoaderRunner.js:1:4792)]
    [at runLoaders (/Users/pulseplay/thrico/thrico-documentation/node_modules/.pnpm/next@16.3.0_@types+node@22.20.1_react-dom@19.2.8_react@19.2.8__react@19.2.8/node_modules/next/dist/compiled/loader-runner/LoaderRunner.js:1:8588)]
    at runLoaders (turbopack:///[turbopack-node]/transforms/webpack-loaders.ts:182:5) [/Users/pulseplay/thrico/thrico-documentation/.next/build/chunks/[root-of-the-server]__0dhog6e._.js:258:9]
    [at <anonymous>]


./content/docs/events/index.mdx
Error: Error evaluating Node.js code
Error: require() of ES Module /Users/pulseplay/thrico/thrico-documentation/node_modules/.pnpm/fumadocs-mdx@15.2.2_@types+mdast@4.0.4_@types+mdx@2.0.14_@types+react@19.2.18_fumadocs-_a59a11a481c9a48fbad9142c59502b7c/node_modules/fumadocs-mdx/dist/webpack/mdx.js from /Users/pulseplay/thrico/thrico-documentation/node_modules/.pnpm/next@16.3.0_@types+node@22.20.1_react-dom@19.2.8_react@19.2.8__react@19.2.8/node_modules/next/dist/compiled/loader-runner/LoaderRunner.js not supported.
Instead change the require of mdx.js in /Users/pulseplay/thrico/thrico-documentation/node_modules/.pnpm/next@16.3.0_@types+node@22.20.1_react-dom@19.2.8_react@19.2.8__react@19.2.8/node_modules/next/dist/compiled/loader-runner/LoaderRunner.js to a dynamic import() which is available in all CommonJS modules.
    [at loadLoader (/Users/pulseplay/thrico/thrico-documentation/node_modules/.pnpm/next@16.3.0_@types+node@22.20.1_react-dom@19.2.8_react@19.2.8__react@19.2.8/node_modules/next/dist/compiled/loader-runner/LoaderRunner.js:1:715)]
    [at iteratePitchingLoaders (/Users/pulseplay/thrico/thrico-documentation/node_modules/.pnpm/next@16.3.0_@types+node@22.20.1_react-dom@19.2.8_react@19.2.8__react@19.2.8/node_modules/next/dist/compiled/loader-runner/LoaderRunner.js:1:4792)]
    [at runLoaders (/Users/pulseplay/thrico/thrico-documentation/node_modules/.pnpm/next@16.3.0_@types+node@22.20.1_react-dom@19.2.8_react@19.2.8__react@19.2.8/node_modules/next/dist/compiled/loader-runner/LoaderRunner.js:1:8588)]
    at runLoaders (turbopack:///[turbopack-node]/transforms/webpack-loaders.ts:182:5) [/Users/pulseplay/thrico/thrico-documentation/.next/build/chunks/[root-of-the-server]__0dhog6e._.js:258:9]
    [at <anonymous>]


./content/docs/events/offline-events.mdx
Error: Error evaluating Node.js code
Error: require() of ES Module /Users/pulseplay/thrico/thrico-documentation/node_modules/.pnpm/fumadocs-mdx@15.2.2_@types+mdast@4.0.4_@types+mdx@2.0.14_@types+react@19.2.18_fumadocs-_a59a11a481c9a48fbad9142c59502b7c/node_modules/fumadocs-mdx/dist/webpack/mdx.js from /Users/pulseplay/thrico/thrico-documentation/node_modules/.pnpm/next@16.3.0_@types+node@22.20.1_react-dom@19.2.8_react@19.2.8__react@19.2.8/node_modules/next/dist/compiled/loader-runner/LoaderRunner.js not supported.
Instead change the require of mdx.js in /Users/pulseplay/thrico/thrico-documentation/node_modules/.pnpm/next@16.3.0_@types+node@22.20.1_react-dom@19.2.8_react@19.2.8__react@19.2.8/node_modules/next/dist/compiled/loader-runner/LoaderRunner.js to a dynamic import() which is available in all CommonJS modules.
    [at loadLoader (/Users/pulseplay/thrico/thrico-documentation/node_modules/.pnpm/next@16.3.0_@types+node@22.20.1_react-dom@19.2.8_react@19.2.8__react@19.2.8/node_modules/next/dist/compiled/loader-runner/LoaderRunner.js:1:715)]
    [at iteratePitchingLoaders (/Users/pulseplay/thrico/thrico-documentation/node_modules/.pnpm/next@16.3.0_@types+node@22.20.1_react-dom@19.2.8_react@19.2.8__react@19.2.8/node_modules/next/dist/compiled/loader-runner/LoaderRunner.js:1:4792)]
    [at runLoaders (/Users/pulseplay/thrico/thrico-documentation/node_modules/.pnpm/next@16.3.0_@types+node@22.20.1_react-dom@19.2.8_react@19.2.8__react@19.2.8/node_modules/next/dist/compiled/loader-runner/LoaderRunner.js:1:8588)]
    at runLoaders (turbopack:///[turbopack-node]/transforms/webpack-loaders.ts:182:5) [/Users/pulseplay/thrico/thrico-documentation/.next/build/chunks/[root-of-the-server]__0dhog6e._.js:258:9]
    [at <anonymous>]


./content/docs/events/online-events.mdx
Error: Error evaluating Node.js code
Error: require() of ES Module /Users/pulseplay/thrico/thrico-documentation/node_modules/.pnpm/fumadocs-mdx@15.2.2_@types+mdast@4.0.4_@types+mdx@2.0.14_@types+react@19.2.18_fumadocs-_a59a11a481c9a48fbad9142c59502b7c/node_modules/fumadocs-mdx/dist/webpack/mdx.js from /Users/pulseplay/thrico/thrico-documentation/node_modules/.pnpm/next@16.3.0_@types+node@22.20.1_react-dom@19.2.8_react@19.2.8__react@19.2.8/node_modules/next/dist/compiled/loader-runner/LoaderRunner.js not supported.
Instead change the require of mdx.js in /Users/pulseplay/thrico/thrico-documentation/node_modules/.pnpm/next@16.3.0_@types+node@22.20.1_react-dom@19.2.8_react@19.2.8__react@19.2.8/node_modules/next/dist/compiled/loader-runner/LoaderRunner.js to a dynamic import() which is available in all CommonJS modules.
    [at loadLoader (/Users/pulseplay/thrico/thrico-documentation/node_modules/.pnpm/next@16.3.0_@types+node@22.20.1_react-dom@19.2.8_react@19.2.8__react@19.2.8/node_modules/next/dist/compiled/loader-runner/LoaderRunner.js:1:715)]
    [at iteratePitchingLoaders (/Users/pulseplay/thrico/thrico-documentation/node_modules/.pnpm/next@16.3.0_@types+node@22.20.1_react-dom@19.2.8_react@19.2.8__react@19.2.8/node_modules/next/dist/compiled/loader-runner/LoaderRunner.js:1:4792)]
    [at runLoaders (/Users/pulseplay/thrico/thrico-documentation/node_modules/.pnpm/next@16.3.0_@types+node@22.20.1_react-dom@19.2.8_react@19.2.8__react@19.2.8/node_modules/next/dist/compiled/loader-runner/LoaderRunner.js:1:8588)]
    at runLoaders (turbopack:///[turbopack-node]/transforms/webpack-loaders.ts:182:5) [/Users/pulseplay/thrico/thrico-documentation/.next/build/chunks/[root-of-the-server]__0dhog6e._.js:258:9]
    [at <anonymous>]


./content/docs/events/rsvp.mdx
Error: Error evaluating Node.js code
Error: require() of ES Module /Users/pulseplay/thrico/thrico-documentation/node_modules/.pnpm/fumadocs-mdx@15.2.2_@types+mdast@4.0.4_@types+mdx@2.0.14_@types+react@19.2.18_fumadocs-_a59a11a481c9a48fbad9142c59502b7c/node_modules/fumadocs-mdx/dist/webpack/mdx.js from /Users/pulseplay/thrico/thrico-documentation/node_modules/.pnpm/next@16.3.0_@types+node@22.20.1_react-dom@19.2.8_react@19.2.8__react@19.2.8/node_modules/next/dist/compiled/loader-runner/LoaderRunner.js not supported.
Instead change the require of mdx.js in /Users/pulseplay/thrico/thrico-documentation/node_modules/.pnpm/next@16.3.0_@types+node@22.20.1_react-dom@19.2.8_react@19.2.8__react@19.2.8/node_modules/next/dist/compiled/loader-runner/LoaderRunner.js to a dynamic import() which is available in all CommonJS modules.
    [at loadLoader (/Users/pulseplay/thrico/thrico-documentation/node_modules/.pnpm/next@16.3.0_@types+node@22.20.1_react-dom@19.2.8_react@19.2.8__react@19.2.8/node_modules/next/dist/compiled/loader-runner/LoaderRunner.js:1:715)]
    [at iteratePitchingLoaders (/Users/pulseplay/thrico/thrico-documentation/node_modules/.pnpm/next@16.3.0_@types+node@22.20.1_react-dom@19.2.8_react@19.2.8__react@19.2.8/node_modules/next/dist/compiled/loader-runner/LoaderRunner.js:1:4792)]
    [at runLoaders (/Users/pulseplay/thrico/thrico-documentation/node_modules/.pnpm/next@16.3.0_@types+node@22.20.1_react-dom@19.2.8_react@19.2.8__react@19.2.8/node_modules/next/dist/compiled/loader-runner/LoaderRunner.js:1:8588)]
    at runLoaders (turbopack:///[turbopack-node]/transforms/webpack-loaders.ts:182:5) [/Users/pulseplay/thrico/thrico-documentation/.next/build/chunks/[root-of-the-server]__0dhog6e._.js:258:9]
    [at <anonymous>]


./content/docs/faq/index.mdx
Error: Error evaluating Node.js code
Error: require() of ES Module /Users/pulseplay/thrico/thrico-documentation/node_modules/.pnpm/fumadocs-mdx@15.2.2_@types+mdast@4.0.4_@types+mdx@2.0.14_@types+react@19.2.18_fumadocs-_a59a11a481c9a48fbad9142c59502b7c/node_modules/fumadocs-mdx/dist/webpack/mdx.js from /Users/pulseplay/thrico/thrico-documentation/node_modules/.pnpm/next@16.3.0_@types+node@22.20.1_react-dom@19.2.8_react@19.2.8__react@19.2.8/node_modules/next/dist/compiled/loader-runner/LoaderRunner.js not supported.
Instead change the require of mdx.js in /Users/pulseplay/thrico/thrico-documentation/node_modules/.pnpm/next@16.3.0_@types+node@22.20.1_react-dom@19.2.8_react@19.2.8__react@19.2.8/node_modules/next/dist/compiled/loader-runner/LoaderRunner.js to a dynamic import() which is available in all CommonJS modules.
    [at loadLoader (/Users/pulseplay/thrico/thrico-documentation/node_modules/.pnpm/next@16.3.0_@types+node@22.20.1_react-dom@19.2.8_react@19.2.8__react@19.2.8/node_modules/next/dist/compiled/loader-runner/LoaderRunner.js:1:715)]
    [at iteratePitchingLoaders (/Users/pulseplay/thrico/thrico-documentation/node_modules/.pnpm/next@16.3.0_@types+node@22.20.1_react-dom@19.2.8_react@19.2.8__react@19.2.8/node_modules/next/dist/compiled/loader-runner/LoaderRunner.js:1:4792)]
    [at runLoaders (/Users/pulseplay/thrico/thrico-documentation/node_modules/.pnpm/next@16.3.0_@types+node@22.20.1_react-dom@19.2.8_react@19.2.8__react@19.2.8/node_modules/next/dist/compiled/loader-runner/LoaderRunner.js:1:8588)]
    at runLoaders (turbopack:///[turbopack-node]/transforms/webpack-loaders.ts:182:5) [/Users/pulseplay/thrico/thrico-documentation/.next/build/chunks/[root-of-the-server]__0dhog6e._.js:258:9]
    [at <anonymous>]


./content/docs/feed/comments.mdx
Error: Error evaluating Node.js code
Error: require() of ES Module /Users/pulseplay/thrico/thrico-documentation/node_modules/.pnpm/fumadocs-mdx@15.2.2_@types+mdast@4.0.4_@types+mdx@2.0.14_@types+react@19.2.18_fumadocs-_a59a11a481c9a48fbad9142c59502b7c/node_modules/fumadocs-mdx/dist/webpack/mdx.js from /Users/pulseplay/thrico/thrico-documentation/node_modules/.pnpm/next@16.3.0_@types+node@22.20.1_react-dom@19.2.8_react@19.2.8__react@19.2.8/node_modules/next/dist/compiled/loader-runner/LoaderRunner.js not supported.
Instead change the require of mdx.js in /Users/pulseplay/thrico/thrico-documentation/node_modules/.pnpm/next@16.3.0_@types+node@22.20.1_react-dom@19.2.8_react@19.2.8__react@19.2.8/node_modules/next/dist/compiled/loader-runner/LoaderRunner.js to a dynamic import() which is available in all CommonJS modules.
    [at loadLoader (/Users/pulseplay/thrico/thrico-documentation/node_modules/.pnpm/next@16.3.0_@types+node@22.20.1_react-dom@19.2.8_react@19.2.8__react@19.2.8/node_modules/next/dist/compiled/loader-runner/LoaderRunner.js:1:715)]
    [at iteratePitchingLoaders (/Users/pulseplay/thrico/thrico-documentation/node_modules/.pnpm/next@16.3.0_@types+node@22.20.1_react-dom@19.2.8_react@19.2.8__react@19.2.8/node_modules/next/dist/compiled/loader-runner/LoaderRunner.js:1:4792)]
    [at runLoaders (/Users/pulseplay/thrico/thrico-documentation/node_modules/.pnpm/next@16.3.0_@types+node@22.20.1_react-dom@19.2.8_react@19.2.8__react@19.2.8/node_modules/next/dist/compiled/loader-runner/LoaderRunner.js:1:8588)]
    at runLoaders (turbopack:///[turbopack-node]/transforms/webpack-loaders.ts:182:5) [/Users/pulseplay/thrico/thrico-documentation/.next/build/chunks/[root-of-the-server]__0dhog6e._.js:258:9]
    [at <anonymous>]


./content/docs/feed/index.mdx
Error: Error evaluating Node.js code
Error: require() of ES Module /Users/pulseplay/thrico/thrico-documentation/node_modules/.pnpm/fumadocs-mdx@15.2.2_@types+mdast@4.0.4_@types+mdx@2.0.14_@types+react@19.2.18_fumadocs-_a59a11a481c9a48fbad9142c59502b7c/node_modules/fumadocs-mdx/dist/webpack/mdx.js from /Users/pulseplay/thrico/thrico-documentation/node_modules/.pnpm/next@16.3.0_@types+node@22.20.1_react-dom@19.2.8_react@19.2.8__react@19.2.8/node_modules/next/dist/compiled/loader-runner/LoaderRunner.js not supported.
Instead change the require of mdx.js in /Users/pulseplay/thrico/thrico-documentation/node_modules/.pnpm/next@16.3.0_@types+node@22.20.1_react-dom@19.2.8_react@19.2.8__react@19.2.8/node_modules/next/dist/compiled/loader-runner/LoaderRunner.js to a dynamic import() which is available in all CommonJS modules.
    [at loadLoader (/Users/pulseplay/thrico/thrico-documentation/node_modules/.pnpm/next@16.3.0_@types+node@22.20.1_react-dom@19.2.8_react@19.2.8__react@19.2.8/node_modules/next/dist/compiled/loader-runner/LoaderRunner.js:1:715)]
    [at iteratePitchingLoaders (/Users/pulseplay/thrico/thrico-documentation/node_modules/.pnpm/next@16.3.0_@types+node@22.20.1_react-dom@19.2.8_react@19.2.8__react@19.2.8/node_modules/next/dist/compiled/loader-runner/LoaderRunner.js:1:4792)]
    [at runLoaders (/Users/pulseplay/thrico/thrico-documentation/node_modules/.pnpm/next@16.3.0_@types+node@22.20.1_react-dom@19.2.8_react@19.2.8__react@19.2.8/node_modules/next/dist/compiled/loader-runner/LoaderRunner.js:1:8588)]
    at runLoaders (turbopack:///[turbopack-node]/transforms/webpack-loaders.ts:182:5) [/Users/pulseplay/thrico/thrico-documentation/.next/build/chunks/[root-of-the-server]__0dhog6e._.js:258:9]
    [at <anonymous>]


./content/docs/feed/moderation.mdx
Error: Error evaluating Node.js code
Error: require() of ES Module /Users/pulseplay/thrico/thrico-documentation/node_modules/.pnpm/fumadocs-mdx@15.2.2_@types+mdast@4.0.4_@types+mdx@2.0.14_@types+react@19.2.18_fumadocs-_a59a11a481c9a48fbad9142c59502b7c/node_modules/fumadocs-mdx/dist/webpack/mdx.js from /Users/pulseplay/thrico/thrico-documentation/node_modules/.pnpm/next@16.3.0_@types+node@22.20.1_react-dom@19.2.8_react@19.2.8__react@19.2.8/node_modules/next/dist/compiled/loader-runner/LoaderRunner.js not supported.
Instead change the require of mdx.js in /Users/pulseplay/thrico/thrico-documentation/node_modules/.pnpm/next@16.3.0_@types+node@22.20.1_react-dom@19.2.8_react@19.2.8__react@19.2.8/node_modules/next/dist/compiled/loader-runner/LoaderRunner.js to a dynamic import() which is available in all CommonJS modules.
    [at loadLoader (/Users/pulseplay/thrico/thrico-documentation/node_modules/.pnpm/next@16.3.0_@types+node@22.20.1_react-dom@19.2.8_react@19.2.8__react@19.2.8/node_modules/next/dist/compiled/loader-runner/LoaderRunner.js:1:715)]
    [at iteratePitchingLoaders (/Users/pulseplay/thrico/thrico-documentation/node_modules/.pnpm/next@16.3.0_@types+node@22.20.1_react-dom@19.2.8_react@19.2.8__react@19.2.8/node_modules/next/dist/compiled/loader-runner/LoaderRunner.js:1:4792)]
    [at runLoaders (/Users/pulseplay/thrico/thrico-documentation/node_modules/.pnpm/next@16.3.0_@types+node@22.20.1_react-dom@19.2.8_react@19.2.8__react@19.2.8/node_modules/next/dist/compiled/loader-runner/LoaderRunner.js:1:8588)]
    at runLoaders (turbopack:///[turbopack-node]/transforms/webpack-loaders.ts:182:5) [/Users/pulseplay/thrico/thrico-documentation/.next/build/chunks/[root-of-the-server]__0dhog6e._.js:258:9]
    [at <anonymous>]


./content/docs/feed/posts.mdx
Error: Error evaluating Node.js code
Error: require() of ES Module /Users/pulseplay/thrico/thrico-documentation/node_modules/.pnpm/fumadocs-mdx@15.2.2_@types+mdast@4.0.4_@types+mdx@2.0.14_@types+react@19.2.18_fumadocs-_a59a11a481c9a48fbad9142c59502b7c/node_modules/fumadocs-mdx/dist/webpack/mdx.js from /Users/pulseplay/thrico/thrico-documentation/node_modules/.pnpm/next@16.3.0_@types+node@22.20.1_react-dom@19.2.8_react@19.2.8__react@19.2.8/node_modules/next/dist/compiled/loader-runner/LoaderRunner.js not supported.
Instead change the require of mdx.js in /Users/pulseplay/thrico/thrico-documentation/node_modules/.pnpm/next@16.3.0_@types+node@22.20.1_react-dom@19.2.8_react@19.2.8__react@19.2.8/node_modules/next/dist/compiled/loader-runner/LoaderRunner.js to a dynamic import() which is available in all CommonJS modules.
    [at loadLoader (/Users/pulseplay/thrico/thrico-documentation/node_modules/.pnpm/next@16.3.0_@types+node@22.20.1_react-dom@19.2.8_react@19.2.8__react@19.2.8/node_modules/next/dist/compiled/loader-runner/LoaderRunner.js:1:715)]
    [at iteratePitchingLoaders (/Users/pulseplay/thrico/thrico-documentation/node_modules/.pnpm/next@16.3.0_@types+node@22.20.1_react-dom@19.2.8_react@19.2.8__react@19.2.8/node_modules/next/dist/compiled/loader-runner/LoaderRunner.js:1:4792)]
    [at runLoaders (/Users/pulseplay/thrico/thrico-documentation/node_modules/.pnpm/next@16.3.0_@types+node@22.20.1_react-dom@19.2.8_react@19.2.8__react@19.2.8/node_modules/next/dist/compiled/loader-runner/LoaderRunner.js:1:8588)]
    at runLoaders (turbopack:///[turbopack-node]/transforms/webpack-loaders.ts:182:5) [/Users/pulseplay/thrico/thrico-documentation/.next/build/chunks/[root-of-the-server]__0dhog6e._.js:258:9]
    [at <anonymous>]


./content/docs/feed/reactions.mdx
Error: Error evaluating Node.js code
Error: require() of ES Module /Users/pulseplay/thrico/thrico-documentation/node_modules/.pnpm/fumadocs-mdx@15.2.2_@types+mdast@4.0.4_@types+mdx@2.0.14_@types+react@19.2.18_fumadocs-_a59a11a481c9a48fbad9142c59502b7c/node_modules/fumadocs-mdx/dist/webpack/mdx.js from /Users/pulseplay/thrico/thrico-documentation/node_modules/.pnpm/next@16.3.0_@types+node@22.20.1_react-dom@19.2.8_react@19.2.8__react@19.2.8/node_modules/next/dist/compiled/loader-runner/LoaderRunner.js not supported.
Instead change the require of mdx.js in /Users/pulseplay/thrico/thrico-documentation/node_modules/.pnpm/next@16.3.0_@types+node@22.20.1_react-dom@19.2.8_react@19.2.8__react@19.2.8/node_modules/next/dist/compiled/loader-runner/LoaderRunner.js to a dynamic import() which is available in all CommonJS modules.
    [at loadLoader (/Users/pulseplay/thrico/thrico-documentation/node_modules/.pnpm/next@16.3.0_@types+node@22.20.1_react-dom@19.2.8_react@19.2.8__react@19.2.8/node_modules/next/dist/compiled/loader-runner/LoaderRunner.js:1:715)]
    [at iteratePitchingLoaders (/Users/pulseplay/thrico/thrico-documentation/node_modules/.pnpm/next@16.3.0_@types+node@22.20.1_react-dom@19.2.8_react@19.2.8__react@19.2.8/node_modules/next/dist/compiled/loader-runner/LoaderRunner.js:1:4792)]
    [at runLoaders (/Users/pulseplay/thrico/thrico-documentation/node_modules/.pnpm/next@16.3.0_@types+node@22.20.1_react-dom@19.2.8_react@19.2.8__react@19.2.8/node_modules/next/dist/compiled/loader-runner/LoaderRunner.js:1:8588)]
    at runLoaders (turbopack:///[turbopack-node]/transforms/webpack-loaders.ts:182:5) [/Users/pulseplay/thrico/thrico-documentation/.next/build/chunks/[root-of-the-server]__0dhog6e._.js:258:9]
    [at <anonymous>]


./content/docs/feed/stories.mdx
Error: Error evaluating Node.js code
Error: require() of ES Module /Users/pulseplay/thrico/thrico-documentation/node_modules/.pnpm/fumadocs-mdx@15.2.2_@types+mdast@4.0.4_@types+mdx@2.0.14_@types+react@19.2.18_fumadocs-_a59a11a481c9a48fbad9142c59502b7c/node_modules/fumadocs-mdx/dist/webpack/mdx.js from /Users/pulseplay/thrico/thrico-documentation/node_modules/.pnpm/next@16.3.0_@types+node@22.20.1_react-dom@19.2.8_react@19.2.8__react@19.2.8/node_modules/next/dist/compiled/loader-runner/LoaderRunner.js not supported.
Instead change the require of mdx.js in /Users/pulseplay/thrico/thrico-documentation/node_modules/.pnpm/next@16.3.0_@types+node@22.20.1_react-dom@19.2.8_react@19.2.8__react@19.2.8/node_modules/next/dist/compiled/loader-runner/LoaderRunner.js to a dynamic import() which is available in all CommonJS modules.
    [at loadLoader (/Users/pulseplay/thrico/thrico-documentation/node_modules/.pnpm/next@16.3.0_@types+node@22.20.1_react-dom@19.2.8_react@19.2.8__react@19.2.8/node_modules/next/dist/compiled/loader-runner/LoaderRunner.js:1:715)]
    [at iteratePitchingLoaders (/Users/pulseplay/thrico/thrico-documentation/node_modules/.pnpm/next@16.3.0_@types+node@22.20.1_react-dom@19.2.8_react@19.2.8__react@19.2.8/node_modules/next/dist/compiled/loader-runner/LoaderRunner.js:1:4792)]
    [at runLoaders (/Users/pulseplay/thrico/thrico-documentation/node_modules/.pnpm/next@16.3.0_@types+node@22.20.1_react-dom@19.2.8_react@19.2.8__react@19.2.8/node_modules/next/dist/compiled/loader-runner/LoaderRunner.js:1:8588)]
    at runLoaders (turbopack:///[turbopack-node]/transforms/webpack-loaders.ts:182:5) [/Users/pulseplay/thrico/thrico-documentation/.next/build/chunks/[root-of-the-server]__0dhog6e._.js:258:9]
    [at <anonymous>]


./content/docs/gamification/badges.mdx
Error: Error evaluating Node.js code
Error: require() of ES Module /Users/pulseplay/thrico/thrico-documentation/node_modules/.pnpm/fumadocs-mdx@15.2.2_@types+mdast@4.0.4_@types+mdx@2.0.14_@types+react@19.2.18_fumadocs-_a59a11a481c9a48fbad9142c59502b7c/node_modules/fumadocs-mdx/dist/webpack/mdx.js from /Users/pulseplay/thrico/thrico-documentation/node_modules/.pnpm/next@16.3.0_@types+node@22.20.1_react-dom@19.2.8_react@19.2.8__react@19.2.8/node_modules/next/dist/compiled/loader-runner/LoaderRunner.js not supported.
Instead change the require of mdx.js in /Users/pulseplay/thrico/thrico-documentation/node_modules/.pnpm/next@16.3.0_@types+node@22.20.1_react-dom@19.2.8_react@19.2.8__react@19.2.8/node_modules/next/dist/compiled/loader-runner/LoaderRunner.js to a dynamic import() which is available in all CommonJS modules.
    [at loadLoader (/Users/pulseplay/thrico/thrico-documentation/node_modules/.pnpm/next@16.3.0_@types+node@22.20.1_react-dom@19.2.8_react@19.2.8__react@19.2.8/node_modules/next/dist/compiled/loader-runner/LoaderRunner.js:1:715)]
    [at iteratePitchingLoaders (/Users/pulseplay/thrico/thrico-documentation/node_modules/.pnpm/next@16.3.0_@types+node@22.20.1_react-dom@19.2.8_react@19.2.8__react@19.2.8/node_modules/next/dist/compiled/loader-runner/LoaderRunner.js:1:4792)]
    [at runLoaders (/Users/pulseplay/thrico/thrico-documentation/node_modules/.pnpm/next@16.3.0_@types+node@22.20.1_react-dom@19.2.8_react@19.2.8__react@19.2.8/node_modules/next/dist/compiled/loader-runner/LoaderRunner.js:1:8588)]
    at runLoaders (turbopack:///[turbopack-node]/transforms/webpack-loaders.ts:182:5) [/Users/pulseplay/thrico/thrico-documentation/.next/build/chunks/[root-of-the-server]__0dhog6e._.js:258:9]
    [at <anonymous>]


./content/docs/gamification/index.mdx
Error: Error evaluating Node.js code
Error: require() of ES Module /Users/pulseplay/thrico/thrico-documentation/node_modules/.pnpm/fumadocs-mdx@15.2.2_@types+mdast@4.0.4_@types+mdx@2.0.14_@types+react@19.2.18_fumadocs-_a59a11a481c9a48fbad9142c59502b7c/node_modules/fumadocs-mdx/dist/webpack/mdx.js from /Users/pulseplay/thrico/thrico-documentation/node_modules/.pnpm/next@16.3.0_@types+node@22.20.1_react-dom@19.2.8_react@19.2.8__react@19.2.8/node_modules/next/dist/compiled/loader-runner/LoaderRunner.js not supported.
Instead change the require of mdx.js in /Users/pulseplay/thrico/thrico-documentation/node_modules/.pnpm/next@16.3.0_@types+node@22.20.1_react-dom@19.2.8_react@19.2.8__react@19.2.8/node_modules/next/dist/compiled/loader-runner/LoaderRunner.js to a dynamic import() which is available in all CommonJS modules.
    [at loadLoader (/Users/pulseplay/thrico/thrico-documentation/node_modules/.pnpm/next@16.3.0_@types+node@22.20.1_react-dom@19.2.8_react@19.2.8__react@19.2.8/node_modules/next/dist/compiled/loader-runner/LoaderRunner.js:1:715)]
    [at iteratePitchingLoaders (/Users/pulseplay/thrico/thrico-documentation/node_modules/.pnpm/next@16.3.0_@types+node@22.20.1_react-dom@19.2.8_react@19.2.8__react@19.2.8/node_modules/next/dist/compiled/loader-runner/LoaderRunner.js:1:4792)]
    [at runLoaders (/Users/pulseplay/thrico/thrico-documentation/node_modules/.pnpm/next@16.3.0_@types+node@22.20.1_react-dom@19.2.8_react@19.2.8__react@19.2.8/node_modules/next/dist/compiled/loader-runner/LoaderRunner.js:1:8588)]
    at runLoaders (turbopack:///[turbopack-node]/transforms/webpack-loaders.ts:182:5) [/Users/pulseplay/thrico/thrico-documentation/.next/build/chunks/[root-of-the-server]__0dhog6e._.js:258:9]
    [at <anonymous>]


./content/docs/gamification/leaderboards.mdx
Error: Error evaluating Node.js code
Error: require() of ES Module /Users/pulseplay/thrico/thrico-documentation/node_modules/.pnpm/fumadocs-mdx@15.2.2_@types+mdast@4.0.4_@types+mdx@2.0.14_@types+react@19.2.18_fumadocs-_a59a11a481c9a48fbad9142c59502b7c/node_modules/fumadocs-mdx/dist/webpack/mdx.js from /Users/pulseplay/thrico/thrico-documentation/node_modules/.pnpm/next@16.3.0_@types+node@22.20.1_react-dom@19.2.8_react@19.2.8__react@19.2.8/node_modules/next/dist/compiled/loader-runner/LoaderRunner.js not supported.
Instead change the require of mdx.js in /Users/pulseplay/thrico/thrico-documentation/node_modules/.pnpm/next@16.3.0_@types+node@22.20.1_react-dom@19.2.8_react@19.2.8__react@19.2.8/node_modules/next/dist/compiled/loader-runner/LoaderRunner.js to a dynamic import() which is available in all CommonJS modules.
    [at loadLoader (/Users/pulseplay/thrico/thrico-documentation/node_modules/.pnpm/next@16.3.0_@types+node@22.20.1_react-dom@19.2.8_react@19.2.8__react@19.2.8/node_modules/next/dist/compiled/loader-runner/LoaderRunner.js:1:715)]
    [at iteratePitchingLoaders (/Users/pulseplay/thrico/thrico-documentation/node_modules/.pnpm/next@16.3.0_@types+node@22.20.1_react-dom@19.2.8_react@19.2.8__react@19.2.8/node_modules/next/dist/compiled/loader-runner/LoaderRunner.js:1:4792)]
    [at runLoaders (/Users/pulseplay/thrico/thrico-documentation/node_modules/.pnpm/next@16.3.0_@types+node@22.20.1_react-dom@19.2.8_react@19.2.8__react@19.2.8/node_modules/next/dist/compiled/loader-runner/LoaderRunner.js:1:8588)]
    at runLoaders (turbopack:///[turbopack-node]/transforms/webpack-loaders.ts:182:5) [/Users/pulseplay/thrico/thrico-documentation/.next/build/chunks/[root-of-the-server]__0dhog6e._.js:258:9]
    [at <anonymous>]


./content/docs/gamification/points.mdx
Error: Error evaluating Node.js code
Error: require() of ES Module /Users/pulseplay/thrico/thrico-documentation/node_modules/.pnpm/fumadocs-mdx@15.2.2_@types+mdast@4.0.4_@types+mdx@2.0.14_@types+react@19.2.18_fumadocs-_a59a11a481c9a48fbad9142c59502b7c/node_modules/fumadocs-mdx/dist/webpack/mdx.js from /Users/pulseplay/thrico/thrico-documentation/node_modules/.pnpm/next@16.3.0_@types+node@22.20.1_react-dom@19.2.8_react@19.2.8__react@19.2.8/node_modules/next/dist/compiled/loader-runner/LoaderRunner.js not supported.
Instead change the require of mdx.js in /Users/pulseplay/thrico/thrico-documentation/node_modules/.pnpm/next@16.3.0_@types+node@22.20.1_react-dom@19.2.8_react@19.2.8__react@19.2.8/node_modules/next/dist/compiled/loader-runner/LoaderRunner.js to a dynamic import() which is available in all CommonJS modules.
    [at loadLoader (/Users/pulseplay/thrico/thrico-documentation/node_modules/.pnpm/next@16.3.0_@types+node@22.20.1_react-dom@19.2.8_react@19.2.8__react@19.2.8/node_modules/next/dist/compiled/loader-runner/LoaderRunner.js:1:715)]
    [at iteratePitchingLoaders (/Users/pulseplay/thrico/thrico-documentation/node_modules/.pnpm/next@16.3.0_@types+node@22.20.1_react-dom@19.2.8_react@19.2.8__react@19.2.8/node_modules/next/dist/compiled/loader-runner/LoaderRunner.js:1:4792)]
    [at runLoaders (/Users/pulseplay/thrico/thrico-documentation/node_modules/.pnpm/next@16.3.0_@types+node@22.20.1_react-dom@19.2.8_react@19.2.8__react@19.2.8/node_modules/next/dist/compiled/loader-runner/LoaderRunner.js:1:8588)]
    at runLoaders (turbopack:///[turbopack-node]/transforms/webpack-loaders.ts:182:5) [/Users/pulseplay/thrico/thrico-documentation/.next/build/chunks/[root-of-the-server]__0dhog6e._.js:258:9]
    [at <anonymous>]


./content/docs/gamification/ranks.mdx
Error: Error evaluating Node.js code
Error: require() of ES Module /Users/pulseplay/thrico/thrico-documentation/node_modules/.pnpm/fumadocs-mdx@15.2.2_@types+mdast@4.0.4_@types+mdx@2.0.14_@types+react@19.2.18_fumadocs-_a59a11a481c9a48fbad9142c59502b7c/node_modules/fumadocs-mdx/dist/webpack/mdx.js from /Users/pulseplay/thrico/thrico-documentation/node_modules/.pnpm/next@16.3.0_@types+node@22.20.1_react-dom@19.2.8_react@19.2.8__react@19.2.8/node_modules/next/dist/compiled/loader-runner/LoaderRunner.js not supported.
Instead change the require of mdx.js in /Users/pulseplay/thrico/thrico-documentation/node_modules/.pnpm/next@16.3.0_@types+node@22.20.1_react-dom@19.2.8_react@19.2.8__react@19.2.8/node_modules/next/dist/compiled/loader-runner/LoaderRunner.js to a dynamic import() which is available in all CommonJS modules.
    [at loadLoader (/Users/pulseplay/thrico/thrico-documentation/node_modules/.pnpm/next@16.3.0_@types+node@22.20.1_react-dom@19.2.8_react@19.2.8__react@19.2.8/node_modules/next/dist/compiled/loader-runner/LoaderRunner.js:1:715)]
    [at iteratePitchingLoaders (/Users/pulseplay/thrico/thrico-documentation/node_modules/.pnpm/next@16.3.0_@types+node@22.20.1_react-dom@19.2.8_react@19.2.8__react@19.2.8/node_modules/next/dist/compiled/loader-runner/LoaderRunner.js:1:4792)]
    [at runLoaders (/Users/pulseplay/thrico/thrico-documentation/node_modules/.pnpm/next@16.3.0_@types+node@22.20.1_react-dom@19.2.8_react@19.2.8__react@19.2.8/node_modules/next/dist/compiled/loader-runner/LoaderRunner.js:1:8588)]
    at runLoaders (turbopack:///[turbopack-node]/transforms/webpack-loaders.ts:182:5) [/Users/pulseplay/thrico/thrico-documentation/.next/build/chunks/[root-of-the-server]__0dhog6e._.js:258:9]
    [at <anonymous>]


./content/docs/gamification/rewards.mdx
Error: Error evaluating Node.js code
Error: require() of ES Module /Users/pulseplay/thrico/thrico-documentation/node_modules/.pnpm/fumadocs-mdx@15.2.2_@types+mdast@4.0.4_@types+mdx@2.0.14_@types+react@19.2.18_fumadocs-_a59a11a481c9a48fbad9142c59502b7c/node_modules/fumadocs-mdx/dist/webpack/mdx.js from /Users/pulseplay/thrico/thrico-documentation/node_modules/.pnpm/next@16.3.0_@types+node@22.20.1_react-dom@19.2.8_react@19.2.8__react@19.2.8/node_modules/next/dist/compiled/loader-runner/LoaderRunner.js not supported.
Instead change the require of mdx.js in /Users/pulseplay/thrico/thrico-documentation/node_modules/.pnpm/next@16.3.0_@types+node@22.20.1_react-dom@19.2.8_react@19.2.8__react@19.2.8/node_modules/next/dist/compiled/loader-runner/LoaderRunner.js to a dynamic import() which is available in all CommonJS modules.
    [at loadLoader (/Users/pulseplay/thrico/thrico-documentation/node_modules/.pnpm/next@16.3.0_@types+node@22.20.1_react-dom@19.2.8_react@19.2.8__react@19.2.8/node_modules/next/dist/compiled/loader-runner/LoaderRunner.js:1:715)]
    [at iteratePitchingLoaders (/Users/pulseplay/thrico/thrico-documentation/node_modules/.pnpm/next@16.3.0_@types+node@22.20.1_react-dom@19.2.8_react@19.2.8__react@19.2.8/node_modules/next/dist/compiled/loader-runner/LoaderRunner.js:1:4792)]
    [at runLoaders (/Users/pulseplay/thrico/thrico-documentation/node_modules/.pnpm/next@16.3.0_@types+node@22.20.1_react-dom@19.2.8_react@19.2.8__react@19.2.8/node_modules/next/dist/compiled/loader-runner/LoaderRunner.js:1:8588)]
    at runLoaders (turbopack:///[turbopack-node]/transforms/webpack-loaders.ts:182:5) [/Users/pulseplay/thrico/thrico-documentation/.next/build/chunks/[root-of-the-server]__0dhog6e._.js:258:9]
    [at <anonymous>]


./content/docs/getting-started/architecture.mdx
Error: Error evaluating Node.js code
Error: require() of ES Module /Users/pulseplay/thrico/thrico-documentation/node_modules/.pnpm/fumadocs-mdx@15.2.2_@types+mdast@4.0.4_@types+mdx@2.0.14_@types+react@19.2.18_fumadocs-_a59a11a481c9a48fbad9142c59502b7c/node_modules/fumadocs-mdx/dist/webpack/mdx.js from /Users/pulseplay/thrico/thrico-documentation/node_modules/.pnpm/next@16.3.0_@types+node@22.20.1_react-dom@19.2.8_react@19.2.8__react@19.2.8/node_modules/next/dist/compiled/loader-runner/LoaderRunner.js not supported.
Instead change the require of mdx.js in /Users/pulseplay/thrico/thrico-documentation/node_modules/.pnpm/next@16.3.0_@types+node@22.20.1_react-dom@19.2.8_react@19.2.8__react@19.2.8/node_modules/next/dist/compiled/loader-runner/LoaderRunner.js to a dynamic import() which is available in all CommonJS modules.
    [at loadLoader (/Users/pulseplay/thrico/thrico-documentation/node_modules/.pnpm/next@16.3.0_@types+node@22.20.1_react-dom@19.2.8_react@19.2.8__react@19.2.8/node_modules/next/dist/compiled/loader-runner/LoaderRunner.js:1:715)]
    [at iteratePitchingLoaders (/Users/pulseplay/thrico/thrico-documentation/node_modules/.pnpm/next@16.3.0_@types+node@22.20.1_react-dom@19.2.8_react@19.2.8__react@19.2.8/node_modules/next/dist/compiled/loader-runner/LoaderRunner.js:1:4792)]
    [at runLoaders (/Users/pulseplay/thrico/thrico-documentation/node_modules/.pnpm/next@16.3.0_@types+node@22.20.1_react-dom@19.2.8_react@19.2.8__react@19.2.8/node_modules/next/dist/compiled/loader-runner/LoaderRunner.js:1:8588)]
    at runLoaders (turbopack:///[turbopack-node]/transforms/webpack-loaders.ts:182:5) [/Users/pulseplay/thrico/thrico-documentation/.next/build/chunks/[root-of-the-server]__0dhog6e._.js:258:9]
    [at <anonymous>]


./content/docs/getting-started/dashboard-overview.mdx
Error: Error evaluating Node.js code
Error: require() of ES Module /Users/pulseplay/thrico/thrico-documentation/node_modules/.pnpm/fumadocs-mdx@15.2.2_@types+mdast@4.0.4_@types+mdx@2.0.14_@types+react@19.2.18_fumadocs-_a59a11a481c9a48fbad9142c59502b7c/node_modules/fumadocs-mdx/dist/webpack/mdx.js from /Users/pulseplay/thrico/thrico-documentation/node_modules/.pnpm/next@16.3.0_@types+node@22.20.1_react-dom@19.2.8_react@19.2.8__react@19.2.8/node_modules/next/dist/compiled/loader-runner/LoaderRunner.js not supported.
Instead change the require of mdx.js in /Users/pulseplay/thrico/thrico-documentation/node_modules/.pnpm/next@16.3.0_@types+node@22.20.1_react-dom@19.2.8_react@19.2.8__react@19.2.8/node_modules/next/dist/compiled/loader-runner/LoaderRunner.js to a dynamic import() which is available in all CommonJS modules.
    [at loadLoader (/Users/pulseplay/thrico/thrico-documentation/node_modules/.pnpm/next@16.3.0_@types+node@22.20.1_react-dom@19.2.8_react@19.2.8__react@19.2.8/node_modules/next/dist/compiled/loader-runner/LoaderRunner.js:1:715)]
    [at iteratePitchingLoaders (/Users/pulseplay/thrico/thrico-documentation/node_modules/.pnpm/next@16.3.0_@types+node@22.20.1_react-dom@19.2.8_react@19.2.8__react@19.2.8/node_modules/next/dist/compiled/loader-runner/LoaderRunner.js:1:4792)]
    [at runLoaders (/Users/pulseplay/thrico/thrico-documentation/node_modules/.pnpm/next@16.3.0_@types+node@22.20.1_react-dom@19.2.8_react@19.2.8__react@19.2.8/node_modules/next/dist/compiled/loader-runner/LoaderRunner.js:1:8588)]
    at runLoaders (turbopack:///[turbopack-node]/transforms/webpack-loaders.ts:182:5) [/Users/pulseplay/thrico/thrico-documentation/.next/build/chunks/[root-of-the-server]__0dhog6e._.js:258:9]
    [at <anonymous>]


./content/docs/getting-started/index.mdx
Error: Error evaluating Node.js code
Error: require() of ES Module /Users/pulseplay/thrico/thrico-documentation/node_modules/.pnpm/fumadocs-mdx@15.2.2_@types+mdast@4.0.4_@types+mdx@2.0.14_@types+react@19.2.18_fumadocs-_a59a11a481c9a48fbad9142c59502b7c/node_modules/fumadocs-mdx/dist/webpack/mdx.js from /Users/pulseplay/thrico/thrico-documentation/node_modules/.pnpm/next@16.3.0_@types+node@22.20.1_react-dom@19.2.8_react@19.2.8__react@19.2.8/node_modules/next/dist/compiled/loader-runner/LoaderRunner.js not supported.
Instead change the require of mdx.js in /Users/pulseplay/thrico/thrico-documentation/node_modules/.pnpm/next@16.3.0_@types+node@22.20.1_react-dom@19.2.8_react@19.2.8__react@19.2.8/node_modules/next/dist/compiled/loader-runner/LoaderRunner.js to a dynamic import() which is available in all CommonJS modules.
    [at loadLoader (/Users/pulseplay/thrico/thrico-documentation/node_modules/.pnpm/next@16.3.0_@types+node@22.20.1_react-dom@19.2.8_react@19.2.8__react@19.2.8/node_modules/next/dist/compiled/loader-runner/LoaderRunner.js:1:715)]
    [at iteratePitchingLoaders (/Users/pulseplay/thrico/thrico-documentation/node_modules/.pnpm/next@16.3.0_@types+node@22.20.1_react-dom@19.2.8_react@19.2.8__react@19.2.8/node_modules/next/dist/compiled/loader-runner/LoaderRunner.js:1:4792)]
    [at runLoaders (/Users/pulseplay/thrico/thrico-documentation/node_modules/.pnpm/next@16.3.0_@types+node@22.20.1_react-dom@19.2.8_react@19.2.8__react@19.2.8/node_modules/next/dist/compiled/loader-runner/LoaderRunner.js:1:8588)]
    at runLoaders (turbopack:///[turbopack-node]/transforms/webpack-loaders.ts:182:5) [/Users/pulseplay/thrico/thrico-documentation/.next/build/chunks/[root-of-the-server]__0dhog6e._.js:258:9]
    [at <anonymous>]


./content/docs/getting-started/quick-start.mdx
Error: Error evaluating Node.js code
Error: require() of ES Module /Users/pulseplay/thrico/thrico-documentation/node_modules/.pnpm/fumadocs-mdx@15.2.2_@types+mdast@4.0.4_@types+mdx@2.0.14_@types+react@19.2.18_fumadocs-_a59a11a481c9a48fbad9142c59502b7c/node_modules/fumadocs-mdx/dist/webpack/mdx.js from /Users/pulseplay/thrico/thrico-documentation/node_modules/.pnpm/next@16.3.0_@types+node@22.20.1_react-dom@19.2.8_react@19.2.8__react@19.2.8/node_modules/next/dist/compiled/loader-runner/LoaderRunner.js not supported.
Instead change the require of mdx.js in /Users/pulseplay/thrico/thrico-documentation/node_modules/.pnpm/next@16.3.0_@types+node@22.20.1_react-dom@19.2.8_react@19.2.8__react@19.2.8/node_modules/next/dist/compiled/loader-runner/LoaderRunner.js to a dynamic import() which is available in all CommonJS modules.
    [at loadLoader (/Users/pulseplay/thrico/thrico-documentation/node_modules/.pnpm/next@16.3.0_@types+node@22.20.1_react-dom@19.2.8_react@19.2.8__react@19.2.8/node_modules/next/dist/compiled/loader-runner/LoaderRunner.js:1:715)]
    [at iteratePitchingLoaders (/Users/pulseplay/thrico/thrico-documentation/node_modules/.pnpm/next@16.3.0_@types+node@22.20.1_react-dom@19.2.8_react@19.2.8__react@19.2.8/node_modules/next/dist/compiled/loader-runner/LoaderRunner.js:1:4792)]
    [at runLoaders (/Users/pulseplay/thrico/thrico-documentation/node_modules/.pnpm/next@16.3.0_@types+node@22.20.1_react-dom@19.2.8_react@19.2.8__react@19.2.8/node_modules/next/dist/compiled/loader-runner/LoaderRunner.js:1:8588)]
    at runLoaders (turbopack:///[turbopack-node]/transforms/webpack-loaders.ts:182:5) [/Users/pulseplay/thrico/thrico-documentation/.next/build/chunks/[root-of-the-server]__0dhog6e._.js:258:9]
    [at <anonymous>]


./content/docs/getting-started/user-roles.mdx
Error: Error evaluating Node.js code
Error: require() of ES Module /Users/pulseplay/thrico/thrico-documentation/node_modules/.pnpm/fumadocs-mdx@15.2.2_@types+mdast@4.0.4_@types+mdx@2.0.14_@types+react@19.2.18_fumadocs-_a59a11a481c9a48fbad9142c59502b7c/node_modules/fumadocs-mdx/dist/webpack/mdx.js from /Users/pulseplay/thrico/thrico-documentation/node_modules/.pnpm/next@16.3.0_@types+node@22.20.1_react-dom@19.2.8_react@19.2.8__react@19.2.8/node_modules/next/dist/compiled/loader-runner/LoaderRunner.js not supported.
Instead change the require of mdx.js in /Users/pulseplay/thrico/thrico-documentation/node_modules/.pnpm/next@16.3.0_@types+node@22.20.1_react-dom@19.2.8_react@19.2.8__react@19.2.8/node_modules/next/dist/compiled/loader-runner/LoaderRunner.js to a dynamic import() which is available in all CommonJS modules.
    [at loadLoader (/Users/pulseplay/thrico/thrico-documentation/node_modules/.pnpm/next@16.3.0_@types+node@22.20.1_react-dom@19.2.8_react@19.2.8__react@19.2.8/node_modules/next/dist/compiled/loader-runner/LoaderRunner.js:1:715)]
    [at iteratePitchingLoaders (/Users/pulseplay/thrico/thrico-documentation/node_modules/.pnpm/next@16.3.0_@types+node@22.20.1_react-dom@19.2.8_react@19.2.8__react@19.2.8/node_modules/next/dist/compiled/loader-runner/LoaderRunner.js:1:4792)]
    [at runLoaders (/Users/pulseplay/thrico/thrico-documentation/node_modules/.pnpm/next@16.3.0_@types+node@22.20.1_react-dom@19.2.8_react@19.2.8__react@19.2.8/node_modules/next/dist/compiled/loader-runner/LoaderRunner.js:1:8588)]
    at runLoaders (turbopack:///[turbopack-node]/transforms/webpack-loaders.ts:182:5) [/Users/pulseplay/thrico/thrico-documentation/.next/build/chunks/[root-of-the-server]__0dhog6e._.js:258:9]
    [at <anonymous>]


./content/docs/groups/create-groups.mdx
Error: Error evaluating Node.js code
Error: require() of ES Module /Users/pulseplay/thrico/thrico-documentation/node_modules/.pnpm/fumadocs-mdx@15.2.2_@types+mdast@4.0.4_@types+mdx@2.0.14_@types+react@19.2.18_fumadocs-_a59a11a481c9a48fbad9142c59502b7c/node_modules/fumadocs-mdx/dist/webpack/mdx.js from /Users/pulseplay/thrico/thrico-documentation/node_modules/.pnpm/next@16.3.0_@types+node@22.20.1_react-dom@19.2.8_react@19.2.8__react@19.2.8/node_modules/next/dist/compiled/loader-runner/LoaderRunner.js not supported.
Instead change the require of mdx.js in /Users/pulseplay/thrico/thrico-documentation/node_modules/.pnpm/next@16.3.0_@types+node@22.20.1_react-dom@19.2.8_react@19.2.8__react@19.2.8/node_modules/next/dist/compiled/loader-runner/LoaderRunner.js to a dynamic import() which is available in all CommonJS modules.
    [at loadLoader (/Users/pulseplay/thrico/thrico-documentation/node_modules/.pnpm/next@16.3.0_@types+node@22.20.1_react-dom@19.2.8_react@19.2.8__react@19.2.8/node_modules/next/dist/compiled/loader-runner/LoaderRunner.js:1:715)]
    [at iteratePitchingLoaders (/Users/pulseplay/thrico/thrico-documentation/node_modules/.pnpm/next@16.3.0_@types+node@22.20.1_react-dom@19.2.8_react@19.2.8__react@19.2.8/node_modules/next/dist/compiled/loader-runner/LoaderRunner.js:1:4792)]
    [at runLoaders (/Users/pulseplay/thrico/thrico-documentation/node_modules/.pnpm/next@16.3.0_@types+node@22.20.1_react-dom@19.2.8_react@19.2.8__react@19.2.8/node_modules/next/dist/compiled/loader-runner/LoaderRunner.js:1:8588)]
    at runLoaders (turbopack:///[turbopack-node]/transforms/webpack-loaders.ts:182:5) [/Users/pulseplay/thrico/thrico-documentation/.next/build/chunks/[root-of-the-server]__0dhog6e._.js:258:9]
    [at <anonymous>]


./content/docs/groups/index.mdx
Error: Error evaluating Node.js code
Error: require() of ES Module /Users/pulseplay/thrico/thrico-documentation/node_modules/.pnpm/fumadocs-mdx@15.2.2_@types+mdast@4.0.4_@types+mdx@2.0.14_@types+react@19.2.18_fumadocs-_a59a11a481c9a48fbad9142c59502b7c/node_modules/fumadocs-mdx/dist/webpack/mdx.js from /Users/pulseplay/thrico/thrico-documentation/node_modules/.pnpm/next@16.3.0_@types+node@22.20.1_react-dom@19.2.8_react@19.2.8__react@19.2.8/node_modules/next/dist/compiled/loader-runner/LoaderRunner.js not supported.
Instead change the require of mdx.js in /Users/pulseplay/thrico/thrico-documentation/node_modules/.pnpm/next@16.3.0_@types+node@22.20.1_react-dom@19.2.8_react@19.2.8__react@19.2.8/node_modules/next/dist/compiled/loader-runner/LoaderRunner.js to a dynamic import() which is available in all CommonJS modules.
    [at loadLoader (/Users/pulseplay/thrico/thrico-documentation/node_modules/.pnpm/next@16.3.0_@types+node@22.20.1_react-dom@19.2.8_react@19.2.8__react@19.2.8/node_modules/next/dist/compiled/loader-runner/LoaderRunner.js:1:715)]
    [at iteratePitchingLoaders (/Users/pulseplay/thrico/thrico-documentation/node_modules/.pnpm/next@16.3.0_@types+node@22.20.1_react-dom@19.2.8_react@19.2.8__react@19.2.8/node_modules/next/dist/compiled/loader-runner/LoaderRunner.js:1:4792)]
    [at runLoaders (/Users/pulseplay/thrico/thrico-documentation/node_modules/.pnpm/next@16.3.0_@types+node@22.20.1_react-dom@19.2.8_react@19.2.8__react@19.2.8/node_modules/next/dist/compiled/loader-runner/LoaderRunner.js:1:8588)]
    at runLoaders (turbopack:///[turbopack-node]/transforms/webpack-loaders.ts:182:5) [/Users/pulseplay/thrico/thrico-documentation/.next/build/chunks/[root-of-the-server]__0dhog6e._.js:258:9]
    [at <anonymous>]


./content/docs/groups/members.mdx
Error: Error evaluating Node.js code
Error: require() of ES Module /Users/pulseplay/thrico/thrico-documentation/node_modules/.pnpm/fumadocs-mdx@15.2.2_@types+mdast@4.0.4_@types+mdx@2.0.14_@types+react@19.2.18_fumadocs-_a59a11a481c9a48fbad9142c59502b7c/node_modules/fumadocs-mdx/dist/webpack/mdx.js from /Users/pulseplay/thrico/thrico-documentation/node_modules/.pnpm/next@16.3.0_@types+node@22.20.1_react-dom@19.2.8_react@19.2.8__react@19.2.8/node_modules/next/dist/compiled/loader-runner/LoaderRunner.js not supported.
Instead change the require of mdx.js in /Users/pulseplay/thrico/thrico-documentation/node_modules/.pnpm/next@16.3.0_@types+node@22.20.1_react-dom@19.2.8_react@19.2.8__react@19.2.8/node_modules/next/dist/compiled/loader-runner/LoaderRunner.js to a dynamic import() which is available in all CommonJS modules.
    [at loadLoader (/Users/pulseplay/thrico/thrico-documentation/node_modules/.pnpm/next@16.3.0_@types+node@22.20.1_react-dom@19.2.8_react@19.2.8__react@19.2.8/node_modules/next/dist/compiled/loader-runner/LoaderRunner.js:1:715)]
    [at iteratePitchingLoaders (/Users/pulseplay/thrico/thrico-documentation/node_modules/.pnpm/next@16.3.0_@types+node@22.20.1_react-dom@19.2.8_react@19.2.8__react@19.2.8/node_modules/next/dist/compiled/loader-runner/LoaderRunner.js:1:4792)]
    [at runLoaders (/Users/pulseplay/thrico/thrico-documentation/node_modules/.pnpm/next@16.3.0_@types+node@22.20.1_react-dom@19.2.8_react@19.2.8__react@19.2.8/node_modules/next/dist/compiled/loader-runner/LoaderRunner.js:1:8588)]
    at runLoaders (turbopack:///[turbopack-node]/transforms/webpack-loaders.ts:182:5) [/Users/pulseplay/thrico/thrico-documentation/.next/build/chunks/[root-of-the-server]__0dhog6e._.js:258:9]
    [at <anonymous>]


./content/docs/groups/privacy.mdx
Error: Error evaluating Node.js code
Error: require() of ES Module /Users/pulseplay/thrico/thrico-documentation/node_modules/.pnpm/fumadocs-mdx@15.2.2_@types+mdast@4.0.4_@types+mdx@2.0.14_@types+react@19.2.18_fumadocs-_a59a11a481c9a48fbad9142c59502b7c/node_modules/fumadocs-mdx/dist/webpack/mdx.js from /Users/pulseplay/thrico/thrico-documentation/node_modules/.pnpm/next@16.3.0_@types+node@22.20.1_react-dom@19.2.8_react@19.2.8__react@19.2.8/node_modules/next/dist/compiled/loader-runner/LoaderRunner.js not supported.
Instead change the require of mdx.js in /Users/pulseplay/thrico/thrico-documentation/node_modules/.pnpm/next@16.3.0_@types+node@22.20.1_react-dom@19.2.8_react@19.2.8__react@19.2.8/node_modules/next/dist/compiled/loader-runner/LoaderRunner.js to a dynamic import() which is available in all CommonJS modules.
    [at loadLoader (/Users/pulseplay/thrico/thrico-documentation/node_modules/.pnpm/next@16.3.0_@types+node@22.20.1_react-dom@19.2.8_react@19.2.8__react@19.2.8/node_modules/next/dist/compiled/loader-runner/LoaderRunner.js:1:715)]
    [at iteratePitchingLoaders (/Users/pulseplay/thrico/thrico-documentation/node_modules/.pnpm/next@16.3.0_@types+node@22.20.1_react-dom@19.2.8_react@19.2.8__react@19.2.8/node_modules/next/dist/compiled/loader-runner/LoaderRunner.js:1:4792)]
    [at runLoaders (/Users/pulseplay/thrico/thrico-documentation/node_modules/.pnpm/next@16.3.0_@types+node@22.20.1_react-dom@19.2.8_react@19.2.8__react@19.2.8/node_modules/next/dist/compiled/loader-runner/LoaderRunner.js:1:8588)]
    at runLoaders (turbopack:///[turbopack-node]/transforms/webpack-loaders.ts:182:5) [/Users/pulseplay/thrico/thrico-documentation/.next/build/chunks/[root-of-the-server]__0dhog6e._.js:258:9]
    [at <anonymous>]


./content/docs/groups/settings.mdx
Error: Error evaluating Node.js code
Error: require() of ES Module /Users/pulseplay/thrico/thrico-documentation/node_modules/.pnpm/fumadocs-mdx@15.2.2_@types+mdast@4.0.4_@types+mdx@2.0.14_@types+react@19.2.18_fumadocs-_a59a11a481c9a48fbad9142c59502b7c/node_modules/fumadocs-mdx/dist/webpack/mdx.js from /Users/pulseplay/thrico/thrico-documentation/node_modules/.pnpm/next@16.3.0_@types+node@22.20.1_react-dom@19.2.8_react@19.2.8__react@19.2.8/node_modules/next/dist/compiled/loader-runner/LoaderRunner.js not supported.
Instead change the require of mdx.js in /Users/pulseplay/thrico/thrico-documentation/node_modules/.pnpm/next@16.3.0_@types+node@22.20.1_react-dom@19.2.8_react@19.2.8__react@19.2.8/node_modules/next/dist/compiled/loader-runner/LoaderRunner.js to a dynamic import() which is available in all CommonJS modules.
    [at loadLoader (/Users/pulseplay/thrico/thrico-documentation/node_modules/.pnpm/next@16.3.0_@types+node@22.20.1_react-dom@19.2.8_react@19.2.8__react@19.2.8/node_modules/next/dist/compiled/loader-runner/LoaderRunner.js:1:715)]
    [at iteratePitchingLoaders (/Users/pulseplay/thrico/thrico-documentation/node_modules/.pnpm/next@16.3.0_@types+node@22.20.1_react-dom@19.2.8_react@19.2.8__react@19.2.8/node_modules/next/dist/compiled/loader-runner/LoaderRunner.js:1:4792)]
    [at runLoaders (/Users/pulseplay/thrico/thrico-documentation/node_modules/.pnpm/next@16.3.0_@types+node@22.20.1_react-dom@19.2.8_react@19.2.8__react@19.2.8/node_modules/next/dist/compiled/loader-runner/LoaderRunner.js:1:8588)]
    at runLoaders (turbopack:///[turbopack-node]/transforms/webpack-loaders.ts:182:5) [/Users/pulseplay/thrico/thrico-documentation/.next/build/chunks/[root-of-the-server]__0dhog6e._.js:258:9]
    [at <anonymous>]


./content/docs/index.mdx
Error: Error evaluating Node.js code
Error: require() of ES Module /Users/pulseplay/thrico/thrico-documentation/node_modules/.pnpm/fumadocs-mdx@15.2.2_@types+mdast@4.0.4_@types+mdx@2.0.14_@types+react@19.2.18_fumadocs-_a59a11a481c9a48fbad9142c59502b7c/node_modules/fumadocs-mdx/dist/webpack/mdx.js from /Users/pulseplay/thrico/thrico-documentation/node_modules/.pnpm/next@16.3.0_@types+node@22.20.1_react-dom@19.2.8_react@19.2.8__react@19.2.8/node_modules/next/dist/compiled/loader-runner/LoaderRunner.js not supported.
Instead change the require of mdx.js in /Users/pulseplay/thrico/thrico-documentation/node_modules/.pnpm/next@16.3.0_@types+node@22.20.1_react-dom@19.2.8_react@19.2.8__react@19.2.8/node_modules/next/dist/compiled/loader-runner/LoaderRunner.js to a dynamic import() which is available in all CommonJS modules.
    [at loadLoader (/Users/pulseplay/thrico/thrico-documentation/node_modules/.pnpm/next@16.3.0_@types+node@22.20.1_react-dom@19.2.8_react@19.2.8__react@19.2.8/node_modules/next/dist/compiled/loader-runner/LoaderRunner.js:1:715)]
    [at iteratePitchingLoaders (/Users/pulseplay/thrico/thrico-documentation/node_modules/.pnpm/next@16.3.0_@types+node@22.20.1_react-dom@19.2.8_react@19.2.8__react@19.2.8/node_modules/next/dist/compiled/loader-runner/LoaderRunner.js:1:4792)]
    [at runLoaders (/Users/pulseplay/thrico/thrico-documentation/node_modules/.pnpm/next@16.3.0_@types+node@22.20.1_react-dom@19.2.8_react@19.2.8__react@19.2.8/node_modules/next/dist/compiled/loader-runner/LoaderRunner.js:1:8588)]
    at runLoaders (turbopack:///[turbopack-node]/transforms/webpack-loaders.ts:182:5) [/Users/pulseplay/thrico/thrico-documentation/.next/build/chunks/[root-of-the-server]__0dhog6e._.js:258:9]
    [at <anonymous>]


./content/docs/jobs/index.mdx
Error: Error evaluating Node.js code
Error: require() of ES Module /Users/pulseplay/thrico/thrico-documentation/node_modules/.pnpm/fumadocs-mdx@15.2.2_@types+mdast@4.0.4_@types+mdx@2.0.14_@types+react@19.2.18_fumadocs-_a59a11a481c9a48fbad9142c59502b7c/node_modules/fumadocs-mdx/dist/webpack/mdx.js from /Users/pulseplay/thrico/thrico-documentation/node_modules/.pnpm/next@16.3.0_@types+node@22.20.1_react-dom@19.2.8_react@19.2.8__react@19.2.8/node_modules/next/dist/compiled/loader-runner/LoaderRunner.js not supported.
Instead change the require of mdx.js in /Users/pulseplay/thrico/thrico-documentation/node_modules/.pnpm/next@16.3.0_@types+node@22.20.1_react-dom@19.2.8_react@19.2.8__react@19.2.8/node_modules/next/dist/compiled/loader-runner/LoaderRunner.js to a dynamic import() which is available in all CommonJS modules.
    [at loadLoader (/Users/pulseplay/thrico/thrico-documentation/node_modules/.pnpm/next@16.3.0_@types+node@22.20.1_react-dom@19.2.8_react@19.2.8__react@19.2.8/node_modules/next/dist/compiled/loader-runner/LoaderRunner.js:1:715)]
    [at iteratePitchingLoaders (/Users/pulseplay/thrico/thrico-documentation/node_modules/.pnpm/next@16.3.0_@types+node@22.20.1_react-dom@19.2.8_react@19.2.8__react@19.2.8/node_modules/next/dist/compiled/loader-runner/LoaderRunner.js:1:4792)]
    [at runLoaders (/Users/pulseplay/thrico/thrico-documentation/node_modules/.pnpm/next@16.3.0_@types+node@22.20.1_react-dom@19.2.8_react@19.2.8__react@19.2.8/node_modules/next/dist/compiled/loader-runner/LoaderRunner.js:1:8588)]
    at runLoaders (turbopack:///[turbopack-node]/transforms/webpack-loaders.ts:182:5) [/Users/pulseplay/thrico/thrico-documentation/.next/build/chunks/[root-of-the-server]__0dhog6e._.js:258:9]
    [at <anonymous>]


./content/docs/marketplace/categories.mdx
Error: Error evaluating Node.js code
Error: require() of ES Module /Users/pulseplay/thrico/thrico-documentation/node_modules/.pnpm/fumadocs-mdx@15.2.2_@types+mdast@4.0.4_@types+mdx@2.0.14_@types+react@19.2.18_fumadocs-_a59a11a481c9a48fbad9142c59502b7c/node_modules/fumadocs-mdx/dist/webpack/mdx.js from /Users/pulseplay/thrico/thrico-documentation/node_modules/.pnpm/next@16.3.0_@types+node@22.20.1_react-dom@19.2.8_react@19.2.8__react@19.2.8/node_modules/next/dist/compiled/loader-runner/LoaderRunner.js not supported.
Instead change the require of mdx.js in /Users/pulseplay/thrico/thrico-documentation/node_modules/.pnpm/next@16.3.0_@types+node@22.20.1_react-dom@19.2.8_react@19.2.8__react@19.2.8/node_modules/next/dist/compiled/loader-runner/LoaderRunner.js to a dynamic import() which is available in all CommonJS modules.
    [at loadLoader (/Users/pulseplay/thrico/thrico-documentation/node_modules/.pnpm/next@16.3.0_@types+node@22.20.1_react-dom@19.2.8_react@19.2.8__react@19.2.8/node_modules/next/dist/compiled/loader-runner/LoaderRunner.js:1:715)]
    [at iteratePitchingLoaders (/Users/pulseplay/thrico/thrico-documentation/node_modules/.pnpm/next@16.3.0_@types+node@22.20.1_react-dom@19.2.8_react@19.2.8__react@19.2.8/node_modules/next/dist/compiled/loader-runner/LoaderRunner.js:1:4792)]
    [at runLoaders (/Users/pulseplay/thrico/thrico-documentation/node_modules/.pnpm/next@16.3.0_@types+node@22.20.1_react-dom@19.2.8_react@19.2.8__react@19.2.8/node_modules/next/dist/compiled/loader-runner/LoaderRunner.js:1:8588)]
    at runLoaders (turbopack:///[turbopack-node]/transforms/webpack-loaders.ts:182:5) [/Users/pulseplay/thrico/thrico-documentation/.next/build/chunks/[root-of-the-server]__0dhog6e._.js:258:9]
    [at <anonymous>]


./content/docs/marketplace/index.mdx
Error: Error evaluating Node.js code
Error: require() of ES Module /Users/pulseplay/thrico/thrico-documentation/node_modules/.pnpm/fumadocs-mdx@15.2.2_@types+mdast@4.0.4_@types+mdx@2.0.14_@types+react@19.2.18_fumadocs-_a59a11a481c9a48fbad9142c59502b7c/node_modules/fumadocs-mdx/dist/webpack/mdx.js from /Users/pulseplay/thrico/thrico-documentation/node_modules/.pnpm/next@16.3.0_@types+node@22.20.1_react-dom@19.2.8_react@19.2.8__react@19.2.8/node_modules/next/dist/compiled/loader-runner/LoaderRunner.js not supported.
Instead change the require of mdx.js in /Users/pulseplay/thrico/thrico-documentation/node_modules/.pnpm/next@16.3.0_@types+node@22.20.1_react-dom@19.2.8_react@19.2.8__react@19.2.8/node_modules/next/dist/compiled/loader-runner/LoaderRunner.js to a dynamic import() which is available in all CommonJS modules.
    [at loadLoader (/Users/pulseplay/thrico/thrico-documentation/node_modules/.pnpm/next@16.3.0_@types+node@22.20.1_react-dom@19.2.8_react@19.2.8__react@19.2.8/node_modules/next/dist/compiled/loader-runner/LoaderRunner.js:1:715)]
    [at iteratePitchingLoaders (/Users/pulseplay/thrico/thrico-documentation/node_modules/.pnpm/next@16.3.0_@types+node@22.20.1_react-dom@19.2.8_react@19.2.8__react@19.2.8/node_modules/next/dist/compiled/loader-runner/LoaderRunner.js:1:4792)]
    [at runLoaders (/Users/pulseplay/thrico/thrico-documentation/node_modules/.pnpm/next@16.3.0_@types+node@22.20.1_react-dom@19.2.8_react@19.2.8__react@19.2.8/node_modules/next/dist/compiled/loader-runner/LoaderRunner.js:1:8588)]
    at runLoaders (turbopack:///[turbopack-node]/transforms/webpack-loaders.ts:182:5) [/Users/pulseplay/thrico/thrico-documentation/.next/build/chunks/[root-of-the-server]__0dhog6e._.js:258:9]
    [at <anonymous>]


./content/docs/marketplace/orders.mdx
Error: Error evaluating Node.js code
Error: require() of ES Module /Users/pulseplay/thrico/thrico-documentation/node_modules/.pnpm/fumadocs-mdx@15.2.2_@types+mdast@4.0.4_@types+mdx@2.0.14_@types+react@19.2.18_fumadocs-_a59a11a481c9a48fbad9142c59502b7c/node_modules/fumadocs-mdx/dist/webpack/mdx.js from /Users/pulseplay/thrico/thrico-documentation/node_modules/.pnpm/next@16.3.0_@types+node@22.20.1_react-dom@19.2.8_react@19.2.8__react@19.2.8/node_modules/next/dist/compiled/loader-runner/LoaderRunner.js not supported.
Instead change the require of mdx.js in /Users/pulseplay/thrico/thrico-documentation/node_modules/.pnpm/next@16.3.0_@types+node@22.20.1_react-dom@19.2.8_react@19.2.8__react@19.2.8/node_modules/next/dist/compiled/loader-runner/LoaderRunner.js to a dynamic import() which is available in all CommonJS modules.
    [at loadLoader (/Users/pulseplay/thrico/thrico-documentation/node_modules/.pnpm/next@16.3.0_@types+node@22.20.1_react-dom@19.2.8_react@19.2.8__react@19.2.8/node_modules/next/dist/compiled/loader-runner/LoaderRunner.js:1:715)]
    [at iteratePitchingLoaders (/Users/pulseplay/thrico/thrico-documentation/node_modules/.pnpm/next@16.3.0_@types+node@22.20.1_react-dom@19.2.8_react@19.2.8__react@19.2.8/node_modules/next/dist/compiled/loader-runner/LoaderRunner.js:1:4792)]
    [at runLoaders (/Users/pulseplay/thrico/thrico-documentation/node_modules/.pnpm/next@16.3.0_@types+node@22.20.1_react-dom@19.2.8_react@19.2.8__react@19.2.8/node_modules/next/dist/compiled/loader-runner/LoaderRunner.js:1:8588)]
    at runLoaders (turbopack:///[turbopack-node]/transforms/webpack-loaders.ts:182:5) [/Users/pulseplay/thrico/thrico-documentation/.next/build/chunks/[root-of-the-server]__0dhog6e._.js:258:9]
    [at <anonymous>]


./content/docs/marketplace/payments.mdx
Error: Error evaluating Node.js code
Error: require() of ES Module /Users/pulseplay/thrico/thrico-documentation/node_modules/.pnpm/fumadocs-mdx@15.2.2_@types+mdast@4.0.4_@types+mdx@2.0.14_@types+react@19.2.18_fumadocs-_a59a11a481c9a48fbad9142c59502b7c/node_modules/fumadocs-mdx/dist/webpack/mdx.js from /Users/pulseplay/thrico/thrico-documentation/node_modules/.pnpm/next@16.3.0_@types+node@22.20.1_react-dom@19.2.8_react@19.2.8__react@19.2.8/node_modules/next/dist/compiled/loader-runner/LoaderRunner.js not supported.
Instead change the require of mdx.js in /Users/pulseplay/thrico/thrico-documentation/node_modules/.pnpm/next@16.3.0_@types+node@22.20.1_react-dom@19.2.8_react@19.2.8__react@19.2.8/node_modules/next/dist/compiled/loader-runner/LoaderRunner.js to a dynamic import() which is available in all CommonJS modules.
    [at loadLoader (/Users/pulseplay/thrico/thrico-documentation/node_modules/.pnpm/next@16.3.0_@types+node@22.20.1_react-dom@19.2.8_react@19.2.8__react@19.2.8/node_modules/next/dist/compiled/loader-runner/LoaderRunner.js:1:715)]
    [at iteratePitchingLoaders (/Users/pulseplay/thrico/thrico-documentation/node_modules/.pnpm/next@16.3.0_@types+node@22.20.1_react-dom@19.2.8_react@19.2.8__react@19.2.8/node_modules/next/dist/compiled/loader-runner/LoaderRunner.js:1:4792)]
    [at runLoaders (/Users/pulseplay/thrico/thrico-documentation/node_modules/.pnpm/next@16.3.0_@types+node@22.20.1_react-dom@19.2.8_react@19.2.8__react@19.2.8/node_modules/next/dist/compiled/loader-runner/LoaderRunner.js:1:8588)]
    at runLoaders (turbopack:///[turbopack-node]/transforms/webpack-loaders.ts:182:5) [/Users/pulseplay/thrico/thrico-documentation/.next/build/chunks/[root-of-the-server]__0dhog6e._.js:258:9]
    [at <anonymous>]


./content/docs/marketplace/products.mdx
Error: Error evaluating Node.js code
Error: require() of ES Module /Users/pulseplay/thrico/thrico-documentation/node_modules/.pnpm/fumadocs-mdx@15.2.2_@types+mdast@4.0.4_@types+mdx@2.0.14_@types+react@19.2.18_fumadocs-_a59a11a481c9a48fbad9142c59502b7c/node_modules/fumadocs-mdx/dist/webpack/mdx.js from /Users/pulseplay/thrico/thrico-documentation/node_modules/.pnpm/next@16.3.0_@types+node@22.20.1_react-dom@19.2.8_react@19.2.8__react@19.2.8/node_modules/next/dist/compiled/loader-runner/LoaderRunner.js not supported.
Instead change the require of mdx.js in /Users/pulseplay/thrico/thrico-documentation/node_modules/.pnpm/next@16.3.0_@types+node@22.20.1_react-dom@19.2.8_react@19.2.8__react@19.2.8/node_modules/next/dist/compiled/loader-runner/LoaderRunner.js to a dynamic import() which is available in all CommonJS modules.
    [at loadLoader (/Users/pulseplay/thrico/thrico-documentation/node_modules/.pnpm/next@16.3.0_@types+node@22.20.1_react-dom@19.2.8_react@19.2.8__react@19.2.8/node_modules/next/dist/compiled/loader-runner/LoaderRunner.js:1:715)]
    [at iteratePitchingLoaders (/Users/pulseplay/thrico/thrico-documentation/node_modules/.pnpm/next@16.3.0_@types+node@22.20.1_react-dom@19.2.8_react@19.2.8__react@19.2.8/node_modules/next/dist/compiled/loader-runner/LoaderRunner.js:1:4792)]
    [at runLoaders (/Users/pulseplay/thrico/thrico-documentation/node_modules/.pnpm/next@16.3.0_@types+node@22.20.1_react-dom@19.2.8_react@19.2.8__react@19.2.8/node_modules/next/dist/compiled/loader-runner/LoaderRunner.js:1:8588)]
    at runLoaders (turbopack:///[turbopack-node]/transforms/webpack-loaders.ts:182:5) [/Users/pulseplay/thrico/thrico-documentation/.next/build/chunks/[root-of-the-server]__0dhog6e._.js:258:9]
    [at <anonymous>]


./content/docs/members/import-members.mdx
Error: Error evaluating Node.js code
Error: require() of ES Module /Users/pulseplay/thrico/thrico-documentation/node_modules/.pnpm/fumadocs-mdx@15.2.2_@types+mdast@4.0.4_@types+mdx@2.0.14_@types+react@19.2.18_fumadocs-_a59a11a481c9a48fbad9142c59502b7c/node_modules/fumadocs-mdx/dist/webpack/mdx.js from /Users/pulseplay/thrico/thrico-documentation/node_modules/.pnpm/next@16.3.0_@types+node@22.20.1_react-dom@19.2.8_react@19.2.8__react@19.2.8/node_modules/next/dist/compiled/loader-runner/LoaderRunner.js not supported.
Instead change the require of mdx.js in /Users/pulseplay/thrico/thrico-documentation/node_modules/.pnpm/next@16.3.0_@types+node@22.20.1_react-dom@19.2.8_react@19.2.8__react@19.2.8/node_modules/next/dist/compiled/loader-runner/LoaderRunner.js to a dynamic import() which is available in all CommonJS modules.
    [at loadLoader (/Users/pulseplay/thrico/thrico-documentation/node_modules/.pnpm/next@16.3.0_@types+node@22.20.1_react-dom@19.2.8_react@19.2.8__react@19.2.8/node_modules/next/dist/compiled/loader-runner/LoaderRunner.js:1:715)]
    [at iteratePitchingLoaders (/Users/pulseplay/thrico/thrico-documentation/node_modules/.pnpm/next@16.3.0_@types+node@22.20.1_react-dom@19.2.8_react@19.2.8__react@19.2.8/node_modules/next/dist/compiled/loader-runner/LoaderRunner.js:1:4792)]
    [at runLoaders (/Users/pulseplay/thrico/thrico-documentation/node_modules/.pnpm/next@16.3.0_@types+node@22.20.1_react-dom@19.2.8_react@19.2.8__react@19.2.8/node_modules/next/dist/compiled/loader-runner/LoaderRunner.js:1:8588)]
    at runLoaders (turbopack:///[turbopack-node]/transforms/webpack-loaders.ts:182:5) [/Users/pulseplay/thrico/thrico-documentation/.next/build/chunks/[root-of-the-server]__0dhog6e._.js:258:9]
    [at <anonymous>]


./content/docs/members/index.mdx
Error: Error evaluating Node.js code
Error: require() of ES Module /Users/pulseplay/thrico/thrico-documentation/node_modules/.pnpm/fumadocs-mdx@15.2.2_@types+mdast@4.0.4_@types+mdx@2.0.14_@types+react@19.2.18_fumadocs-_a59a11a481c9a48fbad9142c59502b7c/node_modules/fumadocs-mdx/dist/webpack/mdx.js from /Users/pulseplay/thrico/thrico-documentation/node_modules/.pnpm/next@16.3.0_@types+node@22.20.1_react-dom@19.2.8_react@19.2.8__react@19.2.8/node_modules/next/dist/compiled/loader-runner/LoaderRunner.js not supported.
Instead change the require of mdx.js in /Users/pulseplay/thrico/thrico-documentation/node_modules/.pnpm/next@16.3.0_@types+node@22.20.1_react-dom@19.2.8_react@19.2.8__react@19.2.8/node_modules/next/dist/compiled/loader-runner/LoaderRunner.js to a dynamic import() which is available in all CommonJS modules.
    [at loadLoader (/Users/pulseplay/thrico/thrico-documentation/node_modules/.pnpm/next@16.3.0_@types+node@22.20.1_react-dom@19.2.8_react@19.2.8__react@19.2.8/node_modules/next/dist/compiled/loader-runner/LoaderRunner.js:1:715)]
    [at iteratePitchingLoaders (/Users/pulseplay/thrico/thrico-documentation/node_modules/.pnpm/next@16.3.0_@types+node@22.20.1_react-dom@19.2.8_react@19.2.8__react@19.2.8/node_modules/next/dist/compiled/loader-runner/LoaderRunner.js:1:4792)]
    [at runLoaders (/Users/pulseplay/thrico/thrico-documentation/node_modules/.pnpm/next@16.3.0_@types+node@22.20.1_react-dom@19.2.8_react@19.2.8__react@19.2.8/node_modules/next/dist/compiled/loader-runner/LoaderRunner.js:1:8588)]
    at runLoaders (turbopack:///[turbopack-node]/transforms/webpack-loaders.ts:182:5) [/Users/pulseplay/thrico/thrico-documentation/.next/build/chunks/[root-of-the-server]__0dhog6e._.js:258:9]
    [at <anonymous>]


./content/docs/members/invite-members.mdx
Error: Error evaluating Node.js code
Error: require() of ES Module /Users/pulseplay/thrico/thrico-documentation/node_modules/.pnpm/fumadocs-mdx@15.2.2_@types+mdast@4.0.4_@types+mdx@2.0.14_@types+react@19.2.18_fumadocs-_a59a11a481c9a48fbad9142c59502b7c/node_modules/fumadocs-mdx/dist/webpack/mdx.js from /Users/pulseplay/thrico/thrico-documentation/node_modules/.pnpm/next@16.3.0_@types+node@22.20.1_react-dom@19.2.8_react@19.2.8__react@19.2.8/node_modules/next/dist/compiled/loader-runner/LoaderRunner.js not supported.
Instead change the require of mdx.js in /Users/pulseplay/thrico/thrico-documentation/node_modules/.pnpm/next@16.3.0_@types+node@22.20.1_react-dom@19.2.8_react@19.2.8__react@19.2.8/node_modules/next/dist/compiled/loader-runner/LoaderRunner.js to a dynamic import() which is available in all CommonJS modules.
    [at loadLoader (/Users/pulseplay/thrico/thrico-documentation/node_modules/.pnpm/next@16.3.0_@types+node@22.20.1_react-dom@19.2.8_react@19.2.8__react@19.2.8/node_modules/next/dist/compiled/loader-runner/LoaderRunner.js:1:715)]
    [at iteratePitchingLoaders (/Users/pulseplay/thrico/thrico-documentation/node_modules/.pnpm/next@16.3.0_@types+node@22.20.1_react-dom@19.2.8_react@19.2.8__react@19.2.8/node_modules/next/dist/compiled/loader-runner/LoaderRunner.js:1:4792)]
    [at runLoaders (/Users/pulseplay/thrico/thrico-documentation/node_modules/.pnpm/next@16.3.0_@types+node@22.20.1_react-dom@19.2.8_react@19.2.8__react@19.2.8/node_modules/next/dist/compiled/loader-runner/LoaderRunner.js:1:8588)]
    at runLoaders (turbopack:///[turbopack-node]/transforms/webpack-loaders.ts:182:5) [/Users/pulseplay/thrico/thrico-documentation/.next/build/chunks/[root-of-the-server]__0dhog6e._.js:258:9]
    [at <anonymous>]


./content/docs/members/member-approval.mdx
Error: Error evaluating Node.js code
Error: require() of ES Module /Users/pulseplay/thrico/thrico-documentation/node_modules/.pnpm/fumadocs-mdx@15.2.2_@types+mdast@4.0.4_@types+mdx@2.0.14_@types+react@19.2.18_fumadocs-_a59a11a481c9a48fbad9142c59502b7c/node_modules/fumadocs-mdx/dist/webpack/mdx.js from /Users/pulseplay/thrico/thrico-documentation/node_modules/.pnpm/next@16.3.0_@types+node@22.20.1_react-dom@19.2.8_react@19.2.8__react@19.2.8/node_modules/next/dist/compiled/loader-runner/LoaderRunner.js not supported.
Instead change the require of mdx.js in /Users/pulseplay/thrico/thrico-documentation/node_modules/.pnpm/next@16.3.0_@types+node@22.20.1_react-dom@19.2.8_react@19.2.8__react@19.2.8/node_modules/next/dist/compiled/loader-runner/LoaderRunner.js to a dynamic import() which is available in all CommonJS modules.
    [at loadLoader (/Users/pulseplay/thrico/thrico-documentation/node_modules/.pnpm/next@16.3.0_@types+node@22.20.1_react-dom@19.2.8_react@19.2.8__react@19.2.8/node_modules/next/dist/compiled/loader-runner/LoaderRunner.js:1:715)]
    [at iteratePitchingLoaders (/Users/pulseplay/thrico/thrico-documentation/node_modules/.pnpm/next@16.3.0_@types+node@22.20.1_react-dom@19.2.8_react@19.2.8__react@19.2.8/node_modules/next/dist/compiled/loader-runner/LoaderRunner.js:1:4792)]
    [at runLoaders (/Users/pulseplay/thrico/thrico-documentation/node_modules/.pnpm/next@16.3.0_@types+node@22.20.1_react-dom@19.2.8_react@19.2.8__react@19.2.8/node_modules/next/dist/compiled/loader-runner/LoaderRunner.js:1:8588)]
    at runLoaders (turbopack:///[turbopack-node]/transforms/webpack-loaders.ts:182:5) [/Users/pulseplay/thrico/thrico-documentation/.next/build/chunks/[root-of-the-server]__0dhog6e._.js:258:9]
    [at <anonymous>]


./content/docs/members/member-management.mdx
Error: Error evaluating Node.js code
Error: require() of ES Module /Users/pulseplay/thrico/thrico-documentation/node_modules/.pnpm/fumadocs-mdx@15.2.2_@types+mdast@4.0.4_@types+mdx@2.0.14_@types+react@19.2.18_fumadocs-_a59a11a481c9a48fbad9142c59502b7c/node_modules/fumadocs-mdx/dist/webpack/mdx.js from /Users/pulseplay/thrico/thrico-documentation/node_modules/.pnpm/next@16.3.0_@types+node@22.20.1_react-dom@19.2.8_react@19.2.8__react@19.2.8/node_modules/next/dist/compiled/loader-runner/LoaderRunner.js not supported.
Instead change the require of mdx.js in /Users/pulseplay/thrico/thrico-documentation/node_modules/.pnpm/next@16.3.0_@types+node@22.20.1_react-dom@19.2.8_react@19.2.8__react@19.2.8/node_modules/next/dist/compiled/loader-runner/LoaderRunner.js to a dynamic import() which is available in all CommonJS modules.
    [at loadLoader (/Users/pulseplay/thrico/thrico-documentation/node_modules/.pnpm/next@16.3.0_@types+node@22.20.1_react-dom@19.2.8_react@19.2.8__react@19.2.8/node_modules/next/dist/compiled/loader-runner/LoaderRunner.js:1:715)]
    [at iteratePitchingLoaders (/Users/pulseplay/thrico/thrico-documentation/node_modules/.pnpm/next@16.3.0_@types+node@22.20.1_react-dom@19.2.8_react@19.2.8__react@19.2.8/node_modules/next/dist/compiled/loader-runner/LoaderRunner.js:1:4792)]
    [at runLoaders (/Users/pulseplay/thrico/thrico-documentation/node_modules/.pnpm/next@16.3.0_@types+node@22.20.1_react-dom@19.2.8_react@19.2.8__react@19.2.8/node_modules/next/dist/compiled/loader-runner/LoaderRunner.js:1:8588)]
    at runLoaders (turbopack:///[turbopack-node]/transforms/webpack-loaders.ts:182:5) [/Users/pulseplay/thrico/thrico-documentation/.next/build/chunks/[root-of-the-server]__0dhog6e._.js:258:9]
    [at <anonymous>]


./content/docs/mentorship/index.mdx
Error: Error evaluating Node.js code
Error: require() of ES Module /Users/pulseplay/thrico/thrico-documentation/node_modules/.pnpm/fumadocs-mdx@15.2.2_@types+mdast@4.0.4_@types+mdx@2.0.14_@types+react@19.2.18_fumadocs-_a59a11a481c9a48fbad9142c59502b7c/node_modules/fumadocs-mdx/dist/webpack/mdx.js from /Users/pulseplay/thrico/thrico-documentation/node_modules/.pnpm/next@16.3.0_@types+node@22.20.1_react-dom@19.2.8_react@19.2.8__react@19.2.8/node_modules/next/dist/compiled/loader-runner/LoaderRunner.js not supported.
Instead change the require of mdx.js in /Users/pulseplay/thrico/thrico-documentation/node_modules/.pnpm/next@16.3.0_@types+node@22.20.1_react-dom@19.2.8_react@19.2.8__react@19.2.8/node_modules/next/dist/compiled/loader-runner/LoaderRunner.js to a dynamic import() which is available in all CommonJS modules.
    [at loadLoader (/Users/pulseplay/thrico/thrico-documentation/node_modules/.pnpm/next@16.3.0_@types+node@22.20.1_react-dom@19.2.8_react@19.2.8__react@19.2.8/node_modules/next/dist/compiled/loader-runner/LoaderRunner.js:1:715)]
    [at iteratePitchingLoaders (/Users/pulseplay/thrico/thrico-documentation/node_modules/.pnpm/next@16.3.0_@types+node@22.20.1_react-dom@19.2.8_react@19.2.8__react@19.2.8/node_modules/next/dist/compiled/loader-runner/LoaderRunner.js:1:4792)]
    [at runLoaders (/Users/pulseplay/thrico/thrico-documentation/node_modules/.pnpm/next@16.3.0_@types+node@22.20.1_react-dom@19.2.8_react@19.2.8__react@19.2.8/node_modules/next/dist/compiled/loader-runner/LoaderRunner.js:1:8588)]
    at runLoaders (turbopack:///[turbopack-node]/transforms/webpack-loaders.ts:182:5) [/Users/pulseplay/thrico/thrico-documentation/.next/build/chunks/[root-of-the-server]__0dhog6e._.js:258:9]
    [at <anonymous>]


./content/docs/mobile-apps/index.mdx
Error: Error evaluating Node.js code
Error: require() of ES Module /Users/pulseplay/thrico/thrico-documentation/node_modules/.pnpm/fumadocs-mdx@15.2.2_@types+mdast@4.0.4_@types+mdx@2.0.14_@types+react@19.2.18_fumadocs-_a59a11a481c9a48fbad9142c59502b7c/node_modules/fumadocs-mdx/dist/webpack/mdx.js from /Users/pulseplay/thrico/thrico-documentation/node_modules/.pnpm/next@16.3.0_@types+node@22.20.1_react-dom@19.2.8_react@19.2.8__react@19.2.8/node_modules/next/dist/compiled/loader-runner/LoaderRunner.js not supported.
Instead change the require of mdx.js in /Users/pulseplay/thrico/thrico-documentation/node_modules/.pnpm/next@16.3.0_@types+node@22.20.1_react-dom@19.2.8_react@19.2.8__react@19.2.8/node_modules/next/dist/compiled/loader-runner/LoaderRunner.js to a dynamic import() which is available in all CommonJS modules.
    [at loadLoader (/Users/pulseplay/thrico/thrico-documentation/node_modules/.pnpm/next@16.3.0_@types+node@22.20.1_react-dom@19.2.8_react@19.2.8__react@19.2.8/node_modules/next/dist/compiled/loader-runner/LoaderRunner.js:1:715)]
    [at iteratePitchingLoaders (/Users/pulseplay/thrico/thrico-documentation/node_modules/.pnpm/next@16.3.0_@types+node@22.20.1_react-dom@19.2.8_react@19.2.8__react@19.2.8/node_modules/next/dist/compiled/loader-runner/LoaderRunner.js:1:4792)]
    [at runLoaders (/Users/pulseplay/thrico/thrico-documentation/node_modules/.pnpm/next@16.3.0_@types+node@22.20.1_react-dom@19.2.8_react@19.2.8__react@19.2.8/node_modules/next/dist/compiled/loader-runner/LoaderRunner.js:1:8588)]
    at runLoaders (turbopack:///[turbopack-node]/transforms/webpack-loaders.ts:182:5) [/Users/pulseplay/thrico/thrico-documentation/.next/build/chunks/[root-of-the-server]__0dhog6e._.js:258:9]
    [at <anonymous>]


./content/docs/notifications/index.mdx
Error: Error evaluating Node.js code
Error: require() of ES Module /Users/pulseplay/thrico/thrico-documentation/node_modules/.pnpm/fumadocs-mdx@15.2.2_@types+mdast@4.0.4_@types+mdx@2.0.14_@types+react@19.2.18_fumadocs-_a59a11a481c9a48fbad9142c59502b7c/node_modules/fumadocs-mdx/dist/webpack/mdx.js from /Users/pulseplay/thrico/thrico-documentation/node_modules/.pnpm/next@16.3.0_@types+node@22.20.1_react-dom@19.2.8_react@19.2.8__react@19.2.8/node_modules/next/dist/compiled/loader-runner/LoaderRunner.js not supported.
Instead change the require of mdx.js in /Users/pulseplay/thrico/thrico-documentation/node_modules/.pnpm/next@16.3.0_@types+node@22.20.1_react-dom@19.2.8_react@19.2.8__react@19.2.8/node_modules/next/dist/compiled/loader-runner/LoaderRunner.js to a dynamic import() which is available in all CommonJS modules.
    [at loadLoader (/Users/pulseplay/thrico/thrico-documentation/node_modules/.pnpm/next@16.3.0_@types+node@22.20.1_react-dom@19.2.8_react@19.2.8__react@19.2.8/node_modules/next/dist/compiled/loader-runner/LoaderRunner.js:1:715)]
    [at iteratePitchingLoaders (/Users/pulseplay/thrico/thrico-documentation/node_modules/.pnpm/next@16.3.0_@types+node@22.20.1_react-dom@19.2.8_react@19.2.8__react@19.2.8/node_modules/next/dist/compiled/loader-runner/LoaderRunner.js:1:4792)]
    [at runLoaders (/Users/pulseplay/thrico/thrico-documentation/node_modules/.pnpm/next@16.3.0_@types+node@22.20.1_react-dom@19.2.8_react@19.2.8__react@19.2.8/node_modules/next/dist/compiled/loader-runner/LoaderRunner.js:1:8588)]
    at runLoaders (turbopack:///[turbopack-node]/transforms/webpack-loaders.ts:182:5) [/Users/pulseplay/thrico/thrico-documentation/.next/build/chunks/[root-of-the-server]__0dhog6e._.js:258:9]
    [at <anonymous>]


./content/docs/release-notes/index.mdx
Error: Error evaluating Node.js code
Error: require() of ES Module /Users/pulseplay/thrico/thrico-documentation/node_modules/.pnpm/fumadocs-mdx@15.2.2_@types+mdast@4.0.4_@types+mdx@2.0.14_@types+react@19.2.18_fumadocs-_a59a11a481c9a48fbad9142c59502b7c/node_modules/fumadocs-mdx/dist/webpack/mdx.js from /Users/pulseplay/thrico/thrico-documentation/node_modules/.pnpm/next@16.3.0_@types+node@22.20.1_react-dom@19.2.8_react@19.2.8__react@19.2.8/node_modules/next/dist/compiled/loader-runner/LoaderRunner.js not supported.
Instead change the require of mdx.js in /Users/pulseplay/thrico/thrico-documentation/node_modules/.pnpm/next@16.3.0_@types+node@22.20.1_react-dom@19.2.8_react@19.2.8__react@19.2.8/node_modules/next/dist/compiled/loader-runner/LoaderRunner.js to a dynamic import() which is available in all CommonJS modules.
    [at loadLoader (/Users/pulseplay/thrico/thrico-documentation/node_modules/.pnpm/next@16.3.0_@types+node@22.20.1_react-dom@19.2.8_react@19.2.8__react@19.2.8/node_modules/next/dist/compiled/loader-runner/LoaderRunner.js:1:715)]
    [at iteratePitchingLoaders (/Users/pulseplay/thrico/thrico-documentation/node_modules/.pnpm/next@16.3.0_@types+node@22.20.1_react-dom@19.2.8_react@19.2.8__react@19.2.8/node_modules/next/dist/compiled/loader-runner/LoaderRunner.js:1:4792)]
    [at runLoaders (/Users/pulseplay/thrico/thrico-documentation/node_modules/.pnpm/next@16.3.0_@types+node@22.20.1_react-dom@19.2.8_react@19.2.8__react@19.2.8/node_modules/next/dist/compiled/loader-runner/LoaderRunner.js:1:8588)]
    at runLoaders (turbopack:///[turbopack-node]/transforms/webpack-loaders.ts:182:5) [/Users/pulseplay/thrico/thrico-documentation/.next/build/chunks/[root-of-the-server]__0dhog6e._.js:258:9]
    [at <anonymous>]


./content/docs/security/audit-logs.mdx
Error: Error evaluating Node.js code
Error: require() of ES Module /Users/pulseplay/thrico/thrico-documentation/node_modules/.pnpm/fumadocs-mdx@15.2.2_@types+mdast@4.0.4_@types+mdx@2.0.14_@types+react@19.2.18_fumadocs-_a59a11a481c9a48fbad9142c59502b7c/node_modules/fumadocs-mdx/dist/webpack/mdx.js from /Users/pulseplay/thrico/thrico-documentation/node_modules/.pnpm/next@16.3.0_@types+node@22.20.1_react-dom@19.2.8_react@19.2.8__react@19.2.8/node_modules/next/dist/compiled/loader-runner/LoaderRunner.js not supported.
Instead change the require of mdx.js in /Users/pulseplay/thrico/thrico-documentation/node_modules/.pnpm/next@16.3.0_@types+node@22.20.1_react-dom@19.2.8_react@19.2.8__react@19.2.8/node_modules/next/dist/compiled/loader-runner/LoaderRunner.js to a dynamic import() which is available in all CommonJS modules.
    [at loadLoader (/Users/pulseplay/thrico/thrico-documentation/node_modules/.pnpm/next@16.3.0_@types+node@22.20.1_react-dom@19.2.8_react@19.2.8__react@19.2.8/node_modules/next/dist/compiled/loader-runner/LoaderRunner.js:1:715)]
    [at iteratePitchingLoaders (/Users/pulseplay/thrico/thrico-documentation/node_modules/.pnpm/next@16.3.0_@types+node@22.20.1_react-dom@19.2.8_react@19.2.8__react@19.2.8/node_modules/next/dist/compiled/loader-runner/LoaderRunner.js:1:4792)]
    [at runLoaders (/Users/pulseplay/thrico/thrico-documentation/node_modules/.pnpm/next@16.3.0_@types+node@22.20.1_react-dom@19.2.8_react@19.2.8__react@19.2.8/node_modules/next/dist/compiled/loader-runner/LoaderRunner.js:1:8588)]
    at runLoaders (turbopack:///[turbopack-node]/transforms/webpack-loaders.ts:182:5) [/Users/pulseplay/thrico/thrico-documentation/.next/build/chunks/[root-of-the-server]__0dhog6e._.js:258:9]
    [at <anonymous>]


./content/docs/security/authentication.mdx
Error: Error evaluating Node.js code
Error: require() of ES Module /Users/pulseplay/thrico/thrico-documentation/node_modules/.pnpm/fumadocs-mdx@15.2.2_@types+mdast@4.0.4_@types+mdx@2.0.14_@types+react@19.2.18_fumadocs-_a59a11a481c9a48fbad9142c59502b7c/node_modules/fumadocs-mdx/dist/webpack/mdx.js from /Users/pulseplay/thrico/thrico-documentation/node_modules/.pnpm/next@16.3.0_@types+node@22.20.1_react-dom@19.2.8_react@19.2.8__react@19.2.8/node_modules/next/dist/compiled/loader-runner/LoaderRunner.js not supported.
Instead change the require of mdx.js in /Users/pulseplay/thrico/thrico-documentation/node_modules/.pnpm/next@16.3.0_@types+node@22.20.1_react-dom@19.2.8_react@19.2.8__react@19.2.8/node_modules/next/dist/compiled/loader-runner/LoaderRunner.js to a dynamic import() which is available in all CommonJS modules.
    [at loadLoader (/Users/pulseplay/thrico/thrico-documentation/node_modules/.pnpm/next@16.3.0_@types+node@22.20.1_react-dom@19.2.8_react@19.2.8__react@19.2.8/node_modules/next/dist/compiled/loader-runner/LoaderRunner.js:1:715)]
    [at iteratePitchingLoaders (/Users/pulseplay/thrico/thrico-documentation/node_modules/.pnpm/next@16.3.0_@types+node@22.20.1_react-dom@19.2.8_react@19.2.8__react@19.2.8/node_modules/next/dist/compiled/loader-runner/LoaderRunner.js:1:4792)]
    [at runLoaders (/Users/pulseplay/thrico/thrico-documentation/node_modules/.pnpm/next@16.3.0_@types+node@22.20.1_react-dom@19.2.8_react@19.2.8__react@19.2.8/node_modules/next/dist/compiled/loader-runner/LoaderRunner.js:1:8588)]
    at runLoaders (turbopack:///[turbopack-node]/transforms/webpack-loaders.ts:182:5) [/Users/pulseplay/thrico/thrico-documentation/.next/build/chunks/[root-of-the-server]__0dhog6e._.js:258:9]
    [at <anonymous>]


./content/docs/security/index.mdx
Error: Error evaluating Node.js code
Error: require() of ES Module /Users/pulseplay/thrico/thrico-documentation/node_modules/.pnpm/fumadocs-mdx@15.2.2_@types+mdast@4.0.4_@types+mdx@2.0.14_@types+react@19.2.18_fumadocs-_a59a11a481c9a48fbad9142c59502b7c/node_modules/fumadocs-mdx/dist/webpack/mdx.js from /Users/pulseplay/thrico/thrico-documentation/node_modules/.pnpm/next@16.3.0_@types+node@22.20.1_react-dom@19.2.8_react@19.2.8__react@19.2.8/node_modules/next/dist/compiled/loader-runner/LoaderRunner.js not supported.
Instead change the require of mdx.js in /Users/pulseplay/thrico/thrico-documentation/node_modules/.pnpm/next@16.3.0_@types+node@22.20.1_react-dom@19.2.8_react@19.2.8__react@19.2.8/node_modules/next/dist/compiled/loader-runner/LoaderRunner.js to a dynamic import() which is available in all CommonJS modules.
    [at loadLoader (/Users/pulseplay/thrico/thrico-documentation/node_modules/.pnpm/next@16.3.0_@types+node@22.20.1_react-dom@19.2.8_react@19.2.8__react@19.2.8/node_modules/next/dist/compiled/loader-runner/LoaderRunner.js:1:715)]
    [at iteratePitchingLoaders (/Users/pulseplay/thrico/thrico-documentation/node_modules/.pnpm/next@16.3.0_@types+node@22.20.1_react-dom@19.2.8_react@19.2.8__react@19.2.8/node_modules/next/dist/compiled/loader-runner/LoaderRunner.js:1:4792)]
    [at runLoaders (/Users/pulseplay/thrico/thrico-documentation/node_modules/.pnpm/next@16.3.0_@types+node@22.20.1_react-dom@19.2.8_react@19.2.8__react@19.2.8/node_modules/next/dist/compiled/loader-runner/LoaderRunner.js:1:8588)]
    at runLoaders (turbopack:///[turbopack-node]/transforms/webpack-loaders.ts:182:5) [/Users/pulseplay/thrico/thrico-documentation/.next/build/chunks/[root-of-the-server]__0dhog6e._.js:258:9]
    [at <anonymous>]


./content/docs/security/password-policies.mdx
Error: Error evaluating Node.js code
Error: require() of ES Module /Users/pulseplay/thrico/thrico-documentation/node_modules/.pnpm/fumadocs-mdx@15.2.2_@types+mdast@4.0.4_@types+mdx@2.0.14_@types+react@19.2.18_fumadocs-_a59a11a481c9a48fbad9142c59502b7c/node_modules/fumadocs-mdx/dist/webpack/mdx.js from /Users/pulseplay/thrico/thrico-documentation/node_modules/.pnpm/next@16.3.0_@types+node@22.20.1_react-dom@19.2.8_react@19.2.8__react@19.2.8/node_modules/next/dist/compiled/loader-runner/LoaderRunner.js not supported.
Instead change the require of mdx.js in /Users/pulseplay/thrico/thrico-documentation/node_modules/.pnpm/next@16.3.0_@types+node@22.20.1_react-dom@19.2.8_react@19.2.8__react@19.2.8/node_modules/next/dist/compiled/loader-runner/LoaderRunner.js to a dynamic import() which is available in all CommonJS modules.
    [at loadLoader (/Users/pulseplay/thrico/thrico-documentation/node_modules/.pnpm/next@16.3.0_@types+node@22.20.1_react-dom@19.2.8_react@19.2.8__react@19.2.8/node_modules/next/dist/compiled/loader-runner/LoaderRunner.js:1:715)]
    [at iteratePitchingLoaders (/Users/pulseplay/thrico/thrico-documentation/node_modules/.pnpm/next@16.3.0_@types+node@22.20.1_react-dom@19.2.8_react@19.2.8__react@19.2.8/node_modules/next/dist/compiled/loader-runner/LoaderRunner.js:1:4792)]
    [at runLoaders (/Users/pulseplay/thrico/thrico-documentation/node_modules/.pnpm/next@16.3.0_@types+node@22.20.1_react-dom@19.2.8_react@19.2.8__react@19.2.8/node_modules/next/dist/compiled/loader-runner/LoaderRunner.js:1:8588)]
    at runLoaders (turbopack:///[turbopack-node]/transforms/webpack-loaders.ts:182:5) [/Users/pulseplay/thrico/thrico-documentation/.next/build/chunks/[root-of-the-server]__0dhog6e._.js:258:9]
    [at <anonymous>]


./content/docs/security/permissions.mdx
Error: Error evaluating Node.js code
Error: require() of ES Module /Users/pulseplay/thrico/thrico-documentation/node_modules/.pnpm/fumadocs-mdx@15.2.2_@types+mdast@4.0.4_@types+mdx@2.0.14_@types+react@19.2.18_fumadocs-_a59a11a481c9a48fbad9142c59502b7c/node_modules/fumadocs-mdx/dist/webpack/mdx.js from /Users/pulseplay/thrico/thrico-documentation/node_modules/.pnpm/next@16.3.0_@types+node@22.20.1_react-dom@19.2.8_react@19.2.8__react@19.2.8/node_modules/next/dist/compiled/loader-runner/LoaderRunner.js not supported.
Instead change the require of mdx.js in /Users/pulseplay/thrico/thrico-documentation/node_modules/.pnpm/next@16.3.0_@types+node@22.20.1_react-dom@19.2.8_react@19.2.8__react@19.2.8/node_modules/next/dist/compiled/loader-runner/LoaderRunner.js to a dynamic import() which is available in all CommonJS modules.
    [at loadLoader (/Users/pulseplay/thrico/thrico-documentation/node_modules/.pnpm/next@16.3.0_@types+node@22.20.1_react-dom@19.2.8_react@19.2.8__react@19.2.8/node_modules/next/dist/compiled/loader-runner/LoaderRunner.js:1:715)]
    [at iteratePitchingLoaders (/Users/pulseplay/thrico/thrico-documentation/node_modules/.pnpm/next@16.3.0_@types+node@22.20.1_react-dom@19.2.8_react@19.2.8__react@19.2.8/node_modules/next/dist/compiled/loader-runner/LoaderRunner.js:1:4792)]
    [at runLoaders (/Users/pulseplay/thrico/thrico-documentation/node_modules/.pnpm/next@16.3.0_@types+node@22.20.1_react-dom@19.2.8_react@19.2.8__react@19.2.8/node_modules/next/dist/compiled/loader-runner/LoaderRunner.js:1:8588)]
    at runLoaders (turbopack:///[turbopack-node]/transforms/webpack-loaders.ts:182:5) [/Users/pulseplay/thrico/thrico-documentation/.next/build/chunks/[root-of-the-server]__0dhog6e._.js:258:9]
    [at <anonymous>]


./content/docs/security/roles.mdx
Error: Error evaluating Node.js code
Error: require() of ES Module /Users/pulseplay/thrico/thrico-documentation/node_modules/.pnpm/fumadocs-mdx@15.2.2_@types+mdast@4.0.4_@types+mdx@2.0.14_@types+react@19.2.18_fumadocs-_a59a11a481c9a48fbad9142c59502b7c/node_modules/fumadocs-mdx/dist/webpack/mdx.js from /Users/pulseplay/thrico/thrico-documentation/node_modules/.pnpm/next@16.3.0_@types+node@22.20.1_react-dom@19.2.8_react@19.2.8__react@19.2.8/node_modules/next/dist/compiled/loader-runner/LoaderRunner.js not supported.
Instead change the require of mdx.js in /Users/pulseplay/thrico/thrico-documentation/node_modules/.pnpm/next@16.3.0_@types+node@22.20.1_react-dom@19.2.8_react@19.2.8__react@19.2.8/node_modules/next/dist/compiled/loader-runner/LoaderRunner.js to a dynamic import() which is available in all CommonJS modules.
    [at loadLoader (/Users/pulseplay/thrico/thrico-documentation/node_modules/.pnpm/next@16.3.0_@types+node@22.20.1_react-dom@19.2.8_react@19.2.8__react@19.2.8/node_modules/next/dist/compiled/loader-runner/LoaderRunner.js:1:715)]
    [at iteratePitchingLoaders (/Users/pulseplay/thrico/thrico-documentation/node_modules/.pnpm/next@16.3.0_@types+node@22.20.1_react-dom@19.2.8_react@19.2.8__react@19.2.8/node_modules/next/dist/compiled/loader-runner/LoaderRunner.js:1:4792)]
    [at runLoaders (/Users/pulseplay/thrico/thrico-documentation/node_modules/.pnpm/next@16.3.0_@types+node@22.20.1_react-dom@19.2.8_react@19.2.8__react@19.2.8/node_modules/next/dist/compiled/loader-runner/LoaderRunner.js:1:8588)]
    at runLoaders (turbopack:///[turbopack-node]/transforms/webpack-loaders.ts:182:5) [/Users/pulseplay/thrico/thrico-documentation/.next/build/chunks/[root-of-the-server]__0dhog6e._.js:258:9]
    [at <anonymous>]


./content/docs/security/sso.mdx
Error: Error evaluating Node.js code
Error: require() of ES Module /Users/pulseplay/thrico/thrico-documentation/node_modules/.pnpm/fumadocs-mdx@15.2.2_@types+mdast@4.0.4_@types+mdx@2.0.14_@types+react@19.2.18_fumadocs-_a59a11a481c9a48fbad9142c59502b7c/node_modules/fumadocs-mdx/dist/webpack/mdx.js from /Users/pulseplay/thrico/thrico-documentation/node_modules/.pnpm/next@16.3.0_@types+node@22.20.1_react-dom@19.2.8_react@19.2.8__react@19.2.8/node_modules/next/dist/compiled/loader-runner/LoaderRunner.js not supported.
Instead change the require of mdx.js in /Users/pulseplay/thrico/thrico-documentation/node_modules/.pnpm/next@16.3.0_@types+node@22.20.1_react-dom@19.2.8_react@19.2.8__react@19.2.8/node_modules/next/dist/compiled/loader-runner/LoaderRunner.js to a dynamic import() which is available in all CommonJS modules.
    [at loadLoader (/Users/pulseplay/thrico/thrico-documentation/node_modules/.pnpm/next@16.3.0_@types+node@22.20.1_react-dom@19.2.8_react@19.2.8__react@19.2.8/node_modules/next/dist/compiled/loader-runner/LoaderRunner.js:1:715)]
    [at iteratePitchingLoaders (/Users/pulseplay/thrico/thrico-documentation/node_modules/.pnpm/next@16.3.0_@types+node@22.20.1_react-dom@19.2.8_react@19.2.8__react@19.2.8/node_modules/next/dist/compiled/loader-runner/LoaderRunner.js:1:4792)]
    [at runLoaders (/Users/pulseplay/thrico/thrico-documentation/node_modules/.pnpm/next@16.3.0_@types+node@22.20.1_react-dom@19.2.8_react@19.2.8__react@19.2.8/node_modules/next/dist/compiled/loader-runner/LoaderRunner.js:1:8588)]
    at runLoaders (turbopack:///[turbopack-node]/transforms/webpack-loaders.ts:182:5) [/Users/pulseplay/thrico/thrico-documentation/.next/build/chunks/[root-of-the-server]__0dhog6e._.js:258:9]
    [at <anonymous>]


./content/docs/troubleshooting/billing-issues.mdx
Error: Error evaluating Node.js code
Error: require() of ES Module /Users/pulseplay/thrico/thrico-documentation/node_modules/.pnpm/fumadocs-mdx@15.2.2_@types+mdast@4.0.4_@types+mdx@2.0.14_@types+react@19.2.18_fumadocs-_a59a11a481c9a48fbad9142c59502b7c/node_modules/fumadocs-mdx/dist/webpack/mdx.js from /Users/pulseplay/thrico/thrico-documentation/node_modules/.pnpm/next@16.3.0_@types+node@22.20.1_react-dom@19.2.8_react@19.2.8__react@19.2.8/node_modules/next/dist/compiled/loader-runner/LoaderRunner.js not supported.
Instead change the require of mdx.js in /Users/pulseplay/thrico/thrico-documentation/node_modules/.pnpm/next@16.3.0_@types+node@22.20.1_react-dom@19.2.8_react@19.2.8__react@19.2.8/node_modules/next/dist/compiled/loader-runner/LoaderRunner.js to a dynamic import() which is available in all CommonJS modules.
    [at loadLoader (/Users/pulseplay/thrico/thrico-documentation/node_modules/.pnpm/next@16.3.0_@types+node@22.20.1_react-dom@19.2.8_react@19.2.8__react@19.2.8/node_modules/next/dist/compiled/loader-runner/LoaderRunner.js:1:715)]
    [at iteratePitchingLoaders (/Users/pulseplay/thrico/thrico-documentation/node_modules/.pnpm/next@16.3.0_@types+node@22.20.1_react-dom@19.2.8_react@19.2.8__react@19.2.8/node_modules/next/dist/compiled/loader-runner/LoaderRunner.js:1:4792)]
    [at runLoaders (/Users/pulseplay/thrico/thrico-documentation/node_modules/.pnpm/next@16.3.0_@types+node@22.20.1_react-dom@19.2.8_react@19.2.8__react@19.2.8/node_modules/next/dist/compiled/loader-runner/LoaderRunner.js:1:8588)]
    at runLoaders (turbopack:///[turbopack-node]/transforms/webpack-loaders.ts:182:5) [/Users/pulseplay/thrico/thrico-documentation/.next/build/chunks/[root-of-the-server]__0dhog6e._.js:258:9]
    [at <anonymous>]


./content/docs/troubleshooting/domain-issues.mdx
Error: Error evaluating Node.js code
Error: require() of ES Module /Users/pulseplay/thrico/thrico-documentation/node_modules/.pnpm/fumadocs-mdx@15.2.2_@types+mdast@4.0.4_@types+mdx@2.0.14_@types+react@19.2.18_fumadocs-_a59a11a481c9a48fbad9142c59502b7c/node_modules/fumadocs-mdx/dist/webpack/mdx.js from /Users/pulseplay/thrico/thrico-documentation/node_modules/.pnpm/next@16.3.0_@types+node@22.20.1_react-dom@19.2.8_react@19.2.8__react@19.2.8/node_modules/next/dist/compiled/loader-runner/LoaderRunner.js not supported.
Instead change the require of mdx.js in /Users/pulseplay/thrico/thrico-documentation/node_modules/.pnpm/next@16.3.0_@types+node@22.20.1_react-dom@19.2.8_react@19.2.8__react@19.2.8/node_modules/next/dist/compiled/loader-runner/LoaderRunner.js to a dynamic import() which is available in all CommonJS modules.
    [at loadLoader (/Users/pulseplay/thrico/thrico-documentation/node_modules/.pnpm/next@16.3.0_@types+node@22.20.1_react-dom@19.2.8_react@19.2.8__react@19.2.8/node_modules/next/dist/compiled/loader-runner/LoaderRunner.js:1:715)]
    [at iteratePitchingLoaders (/Users/pulseplay/thrico/thrico-documentation/node_modules/.pnpm/next@16.3.0_@types+node@22.20.1_react-dom@19.2.8_react@19.2.8__react@19.2.8/node_modules/next/dist/compiled/loader-runner/LoaderRunner.js:1:4792)]
    [at runLoaders (/Users/pulseplay/thrico/thrico-documentation/node_modules/.pnpm/next@16.3.0_@types+node@22.20.1_react-dom@19.2.8_react@19.2.8__react@19.2.8/node_modules/next/dist/compiled/loader-runner/LoaderRunner.js:1:8588)]
    at runLoaders (turbopack:///[turbopack-node]/transforms/webpack-loaders.ts:182:5) [/Users/pulseplay/thrico/thrico-documentation/.next/build/chunks/[root-of-the-server]__0dhog6e._.js:258:9]
    [at <anonymous>]


./content/docs/troubleshooting/email-issues.mdx
Error: Error evaluating Node.js code
Error: require() of ES Module /Users/pulseplay/thrico/thrico-documentation/node_modules/.pnpm/fumadocs-mdx@15.2.2_@types+mdast@4.0.4_@types+mdx@2.0.14_@types+react@19.2.18_fumadocs-_a59a11a481c9a48fbad9142c59502b7c/node_modules/fumadocs-mdx/dist/webpack/mdx.js from /Users/pulseplay/thrico/thrico-documentation/node_modules/.pnpm/next@16.3.0_@types+node@22.20.1_react-dom@19.2.8_react@19.2.8__react@19.2.8/node_modules/next/dist/compiled/loader-runner/LoaderRunner.js not supported.
Instead change the require of mdx.js in /Users/pulseplay/thrico/thrico-documentation/node_modules/.pnpm/next@16.3.0_@types+node@22.20.1_react-dom@19.2.8_react@19.2.8__react@19.2.8/node_modules/next/dist/compiled/loader-runner/LoaderRunner.js to a dynamic import() which is available in all CommonJS modules.
    [at loadLoader (/Users/pulseplay/thrico/thrico-documentation/node_modules/.pnpm/next@16.3.0_@types+node@22.20.1_react-dom@19.2.8_react@19.2.8__react@19.2.8/node_modules/next/dist/compiled/loader-runner/LoaderRunner.js:1:715)]
    [at iteratePitchingLoaders (/Users/pulseplay/thrico/thrico-documentation/node_modules/.pnpm/next@16.3.0_@types+node@22.20.1_react-dom@19.2.8_react@19.2.8__react@19.2.8/node_modules/next/dist/compiled/loader-runner/LoaderRunner.js:1:4792)]
    [at runLoaders (/Users/pulseplay/thrico/thrico-documentation/node_modules/.pnpm/next@16.3.0_@types+node@22.20.1_react-dom@19.2.8_react@19.2.8__react@19.2.8/node_modules/next/dist/compiled/loader-runner/LoaderRunner.js:1:8588)]
    at runLoaders (turbopack:///[turbopack-node]/transforms/webpack-loaders.ts:182:5) [/Users/pulseplay/thrico/thrico-documentation/.next/build/chunks/[root-of-the-server]__0dhog6e._.js:258:9]
    [at <anonymous>]


./content/docs/troubleshooting/index.mdx
Error: Error evaluating Node.js code
Error: require() of ES Module /Users/pulseplay/thrico/thrico-documentation/node_modules/.pnpm/fumadocs-mdx@15.2.2_@types+mdast@4.0.4_@types+mdx@2.0.14_@types+react@19.2.18_fumadocs-_a59a11a481c9a48fbad9142c59502b7c/node_modules/fumadocs-mdx/dist/webpack/mdx.js from /Users/pulseplay/thrico/thrico-documentation/node_modules/.pnpm/next@16.3.0_@types+node@22.20.1_react-dom@19.2.8_react@19.2.8__react@19.2.8/node_modules/next/dist/compiled/loader-runner/LoaderRunner.js not supported.
Instead change the require of mdx.js in /Users/pulseplay/thrico/thrico-documentation/node_modules/.pnpm/next@16.3.0_@types+node@22.20.1_react-dom@19.2.8_react@19.2.8__react@19.2.8/node_modules/next/dist/compiled/loader-runner/LoaderRunner.js to a dynamic import() which is available in all CommonJS modules.
    [at loadLoader (/Users/pulseplay/thrico/thrico-documentation/node_modules/.pnpm/next@16.3.0_@types+node@22.20.1_react-dom@19.2.8_react@19.2.8__react@19.2.8/node_modules/next/dist/compiled/loader-runner/LoaderRunner.js:1:715)]
    [at iteratePitchingLoaders (/Users/pulseplay/thrico/thrico-documentation/node_modules/.pnpm/next@16.3.0_@types+node@22.20.1_react-dom@19.2.8_react@19.2.8__react@19.2.8/node_modules/next/dist/compiled/loader-runner/LoaderRunner.js:1:4792)]
    [at runLoaders (/Users/pulseplay/thrico/thrico-documentation/node_modules/.pnpm/next@16.3.0_@types+node@22.20.1_react-dom@19.2.8_react@19.2.8__react@19.2.8/node_modules/next/dist/compiled/loader-runner/LoaderRunner.js:1:8588)]
    at runLoaders (turbopack:///[turbopack-node]/transforms/webpack-loaders.ts:182:5) [/Users/pulseplay/thrico/thrico-documentation/.next/build/chunks/[root-of-the-server]__0dhog6e._.js:258:9]
    [at <anonymous>]


./content/docs/troubleshooting/login-issues.mdx
Error: Error evaluating Node.js code
Error: require() of ES Module /Users/pulseplay/thrico/thrico-documentation/node_modules/.pnpm/fumadocs-mdx@15.2.2_@types+mdast@4.0.4_@types+mdx@2.0.14_@types+react@19.2.18_fumadocs-_a59a11a481c9a48fbad9142c59502b7c/node_modules/fumadocs-mdx/dist/webpack/mdx.js from /Users/pulseplay/thrico/thrico-documentation/node_modules/.pnpm/next@16.3.0_@types+node@22.20.1_react-dom@19.2.8_react@19.2.8__react@19.2.8/node_modules/next/dist/compiled/loader-runner/LoaderRunner.js not supported.
Instead change the require of mdx.js in /Users/pulseplay/thrico/thrico-documentation/node_modules/.pnpm/next@16.3.0_@types+node@22.20.1_react-dom@19.2.8_react@19.2.8__react@19.2.8/node_modules/next/dist/compiled/loader-runner/LoaderRunner.js to a dynamic import() which is available in all CommonJS modules.
    [at loadLoader (/Users/pulseplay/thrico/thrico-documentation/node_modules/.pnpm/next@16.3.0_@types+node@22.20.1_react-dom@19.2.8_react@19.2.8__react@19.2.8/node_modules/next/dist/compiled/loader-runner/LoaderRunner.js:1:715)]
    [at iteratePitchingLoaders (/Users/pulseplay/thrico/thrico-documentation/node_modules/.pnpm/next@16.3.0_@types+node@22.20.1_react-dom@19.2.8_react@19.2.8__react@19.2.8/node_modules/next/dist/compiled/loader-runner/LoaderRunner.js:1:4792)]
    [at runLoaders (/Users/pulseplay/thrico/thrico-documentation/node_modules/.pnpm/next@16.3.0_@types+node@22.20.1_react-dom@19.2.8_react@19.2.8__react@19.2.8/node_modules/next/dist/compiled/loader-runner/LoaderRunner.js:1:8588)]
    at runLoaders (turbopack:///[turbopack-node]/transforms/webpack-loaders.ts:182:5) [/Users/pulseplay/thrico/thrico-documentation/.next/build/chunks/[root-of-the-server]__0dhog6e._.js:258:9]
    [at <anonymous>]


./content/docs/troubleshooting/performance-issues.mdx
Error: Error evaluating Node.js code
Error: require() of ES Module /Users/pulseplay/thrico/thrico-documentation/node_modules/.pnpm/fumadocs-mdx@15.2.2_@types+mdast@4.0.4_@types+mdx@2.0.14_@types+react@19.2.18_fumadocs-_a59a11a481c9a48fbad9142c59502b7c/node_modules/fumadocs-mdx/dist/webpack/mdx.js from /Users/pulseplay/thrico/thrico-documentation/node_modules/.pnpm/next@16.3.0_@types+node@22.20.1_react-dom@19.2.8_react@19.2.8__react@19.2.8/node_modules/next/dist/compiled/loader-runner/LoaderRunner.js not supported.
Instead change the require of mdx.js in /Users/pulseplay/thrico/thrico-documentation/node_modules/.pnpm/next@16.3.0_@types+node@22.20.1_react-dom@19.2.8_react@19.2.8__react@19.2.8/node_modules/next/dist/compiled/loader-runner/LoaderRunner.js to a dynamic import() which is available in all CommonJS modules.
    [at loadLoader (/Users/pulseplay/thrico/thrico-documentation/node_modules/.pnpm/next@16.3.0_@types+node@22.20.1_react-dom@19.2.8_react@19.2.8__react@19.2.8/node_modules/next/dist/compiled/loader-runner/LoaderRunner.js:1:715)]
    [at iteratePitchingLoaders (/Users/pulseplay/thrico/thrico-documentation/node_modules/.pnpm/next@16.3.0_@types+node@22.20.1_react-dom@19.2.8_react@19.2.8__react@19.2.8/node_modules/next/dist/compiled/loader-runner/LoaderRunner.js:1:4792)]
    [at runLoaders (/Users/pulseplay/thrico/thrico-documentation/node_modules/.pnpm/next@16.3.0_@types+node@22.20.1_react-dom@19.2.8_react@19.2.8__react@19.2.8/node_modules/next/dist/compiled/loader-runner/LoaderRunner.js:1:8588)]
    at runLoaders (turbopack:///[turbopack-node]/transforms/webpack-loaders.ts:182:5) [/Users/pulseplay/thrico/thrico-documentation/.next/build/chunks/[root-of-the-server]__0dhog6e._.js:258:9]
    [at <anonymous>]


./.source/index.ts:103:1
Error: Export _runtime doesn't exist in target module
  [90m101 |[0m [36mimport[0m * [36mas[0m docs_1 [36mfrom[0m [32m"../content/docs/ai/ai-automation.mdx?collection=docs&hash=178601...[0m
  [90m102 |[0m [36mimport[0m * [36mas[0m docs_0 [36mfrom[0m [32m"../content/docs/index.mdx?collection=docs&hash=1786014732124"[0m
[31m[1m>[0m [90m103 |[0m [36mimport[0m { _runtime } [36mfrom[0m [32m"fumadocs-mdx"[0m
  [90m    |[0m [31m[1m^^^^^^^^^^^^^^^^^^^^^^^^^^^^^^^^^^^^^^^[0m
  [90m104 |[0m [36mimport[0m * [36mas[0m _source [36mfrom[0m [32m"../source.config"[0m
  [90m105 |[0m [36mexport[0m [36mconst[0m docs = _runtime.docs<[36mtypeof[0m _source.docs>([{ info: {[32m"path"[0m:[32m"index.mdx"[0m,[32m"abso...[0m

The export _runtime was not found in module [project]/node_modules/.pnpm/fumadocs-mdx@15.2.2_@types+mdast@4.0.4_@types+mdx@2.0.14_@types+react@19.2.18_fumadocs-_a59a11a481c9a48fbad9142c59502b7c/node_modules/fumadocs-mdx/dist/index.js [app-route] (ecmascript).
The module has no exports at all.
All exports of the module are statically known (It doesn't have dynamic exports). So it's known statically that the requested export doesn't exist.

Import traces:
  App Route:
    ./.source/index.ts
    ./lib/source.ts
    ./app/api/search/route.ts

  Server Component:
    ./.source/index.ts
    ./lib/source.ts
    ./app/docs/[[...slug]]/page.tsx


./.source/index.ts:103:1
Error: Export _runtime doesn't exist in target module
  [90m101 |[0m [36mimport[0m * [36mas[0m docs_1 [36mfrom[0m [32m"../content/docs/ai/ai-automation.mdx?collection=docs&hash=178601...[0m
  [90m102 |[0m [36mimport[0m * [36mas[0m docs_0 [36mfrom[0m [32m"../content/docs/index.mdx?collection=docs&hash=1786014732124"[0m
[31m[1m>[0m [90m103 |[0m [36mimport[0m { _runtime } [36mfrom[0m [32m"fumadocs-mdx"[0m
  [90m    |[0m [31m[1m^^^^^^^^^^^^^^^^^^^^^^^^^^^^^^^^^^^^^^^[0m
  [90m104 |[0m [36mimport[0m * [36mas[0m _source [36mfrom[0m [32m"../source.config"[0m
  [90m105 |[0m [36mexport[0m [36mconst[0m docs = _runtime.docs<[36mtypeof[0m _source.docs>([{ info: {[32m"path"[0m:[32m"index.mdx"[0m,[32m"abso...[0m

The export _runtime was not found in module [project]/node_modules/.pnpm/fumadocs-mdx@15.2.2_@types+mdast@4.0.4_@types+mdx@2.0.14_@types+react@19.2.18_fumadocs-_a59a11a481c9a48fbad9142c59502b7c/node_modules/fumadocs-mdx/dist/index.js [app-rsc] (ecmascript).
The module has no exports at all.
All exports of the module are statically known (It doesn't have dynamic exports). So it's known statically that the requested export doesn't exist.

Import traces:
  App Route:
    ./.source/index.ts
    ./lib/source.ts
    ./app/api/search/route.ts

  Server Component:
    ./.source/index.ts
    ./lib/source.ts
    ./app/docs/[[...slug]]/page.tsx


    at runLoaders (turbopack:///[turbopack-node]/transforms/webpack-loaders.ts:182:5) [/Users/pulseplay/thrico/thrico-documentation/.next/build/chunks/[root-of-the-server]__0dhog6e._.js:258:9])
    at runLoaders (turbopack:///[turbopack-node]/transforms/webpack-loaders.ts:182:5) [/Users/pulseplay/thrico/thrico-documentation/.next/build/chunks/[root-of-the-server]__0dhog6e._.js:258:9])
    at runLoaders (turbopack:///[turbopack-node]/transforms/webpack-loaders.ts:182:5) [/Users/pulseplay/thrico/thrico-documentation/.next/build/chunks/[root-of-the-server]__0dhog6e._.js:258:9])
    at runLoaders (turbopack:///[turbopack-node]/transforms/webpack-loaders.ts:182:5) [/Users/pulseplay/thrico/thrico-documentation/.next/build/chunks/[root-of-the-server]__0dhog6e._.js:258:9])
    at runLoaders (turbopack:///[turbopack-node]/transforms/webpack-loaders.ts:182:5) [/Users/pulseplay/thrico/thrico-documentation/.next/build/chunks/[root-of-the-server]__0dhog6e._.js:258:9])
    at runLoaders (turbopack:///[turbopack-node]/transforms/webpack-loaders.ts:182:5) [/Users/pulseplay/thrico/thrico-documentation/.next/build/chunks/[root-of-the-server]__0dhog6e._.js:258:9])
    at runLoaders (turbopack:///[turbopack-node]/transforms/webpack-loaders.ts:182:5) [/Users/pulseplay/thrico/thrico-documentation/.next/build/chunks/[root-of-the-server]__0dhog6e._.js:258:9])
    at runLoaders (turbopack:///[turbopack-node]/transforms/webpack-loaders.ts:182:5) [/Users/pulseplay/thrico/thrico-documentation/.next/build/chunks/[root-of-the-server]__0dhog6e._.js:258:9])
    at runLoaders (turbopack:///[turbopack-node]/transforms/webpack-loaders.ts:182:5) [/Users/pulseplay/thrico/thrico-documentation/.next/build/chunks/[root-of-the-server]__0dhog6e._.js:258:9])
    at runLoaders (turbopack:///[turbopack-node]/transforms/webpack-loaders.ts:182:5) [/Users/pulseplay/thrico/thrico-documentation/.next/build/chunks/[root-of-the-server]__0dhog6e._.js:258:9])
    at runLoaders (turbopack:///[turbopack-node]/transforms/webpack-loaders.ts:182:5) [/Users/pulseplay/thrico/thrico-documentation/.next/build/chunks/[root-of-the-server]__0dhog6e._.js:258:9])
    at runLoaders (turbopack:///[turbopack-node]/transforms/webpack-loaders.ts:182:5) [/Users/pulseplay/thrico/thrico-documentation/.next/build/chunks/[root-of-the-server]__0dhog6e._.js:258:9])
    at runLoaders (turbopack:///[turbopack-node]/transforms/webpack-loaders.ts:182:5) [/Users/pulseplay/thrico/thrico-documentation/.next/build/chunks/[root-of-the-server]__0dhog6e._.js:258:9])
    at runLoaders (turbopack:///[turbopack-node]/transforms/webpack-loaders.ts:182:5) [/Users/pulseplay/thrico/thrico-documentation/.next/build/chunks/[root-of-the-server]__0dhog6e._.js:258:9])
    at runLoaders (turbopack:///[turbopack-node]/transforms/webpack-loaders.ts:182:5) [/Users/pulseplay/thrico/thrico-documentation/.next/build/chunks/[root-of-the-server]__0dhog6e._.js:258:9])
    at runLoaders (turbopack:///[turbopack-node]/transforms/webpack-loaders.ts:182:5) [/Users/pulseplay/thrico/thrico-documentation/.next/build/chunks/[root-of-the-server]__0dhog6e._.js:258:9])
    at runLoaders (turbopack:///[turbopack-node]/transforms/webpack-loaders.ts:182:5) [/Users/pulseplay/thrico/thrico-documentation/.next/build/chunks/[root-of-the-server]__0dhog6e._.js:258:9])
    at runLoaders (turbopack:///[turbopack-node]/transforms/webpack-loaders.ts:182:5) [/Users/pulseplay/thrico/thrico-documentation/.next/build/chunks/[root-of-the-server]__0dhog6e._.js:258:9])
    at runLoaders (turbopack:///[turbopack-node]/transforms/webpack-loaders.ts:182:5) [/Users/pulseplay/thrico/thrico-documentation/.next/build/chunks/[root-of-the-server]__0dhog6e._.js:258:9])
    at runLoaders (turbopack:///[turbopack-node]/transforms/webpack-loaders.ts:182:5) [/Users/pulseplay/thrico/thrico-documentation/.next/build/chunks/[root-of-the-server]__0dhog6e._.js:258:9])
    at runLoaders (turbopack:///[turbopack-node]/transforms/webpack-loaders.ts:182:5) [/Users/pulseplay/thrico/thrico-documentation/.next/build/chunks/[root-of-the-server]__0dhog6e._.js:258:9])
    at runLoaders (turbopack:///[turbopack-node]/transforms/webpack-loaders.ts:182:5) [/Users/pulseplay/thrico/thrico-documentation/.next/build/chunks/[root-of-the-server]__0dhog6e._.js:258:9])
    at runLoaders (turbopack:///[turbopack-node]/transforms/webpack-loaders.ts:182:5) [/Users/pulseplay/thrico/thrico-documentation/.next/build/chunks/[root-of-the-server]__0dhog6e._.js:258:9])
    at runLoaders (turbopack:///[turbopack-node]/transforms/webpack-loaders.ts:182:5) [/Users/pulseplay/thrico/thrico-documentation/.next/build/chunks/[root-of-the-server]__0dhog6e._.js:258:9])
    at runLoaders (turbopack:///[turbopack-node]/transforms/webpack-loaders.ts:182:5) [/Users/pulseplay/thrico/thrico-documentation/.next/build/chunks/[root-of-the-server]__0dhog6e._.js:258:9])
    at runLoaders (turbopack:///[turbopack-node]/transforms/webpack-loaders.ts:182:5) [/Users/pulseplay/thrico/thrico-documentation/.next/build/chunks/[root-of-the-server]__0dhog6e._.js:258:9])
    at runLoaders (turbopack:///[turbopack-node]/transforms/webpack-loaders.ts:182:5) [/Users/pulseplay/thrico/thrico-documentation/.next/build/chunks/[root-of-the-server]__0dhog6e._.js:258:9])
    at runLoaders (turbopack:///[turbopack-node]/transforms/webpack-loaders.ts:182:5) [/Users/pulseplay/thrico/thrico-documentation/.next/build/chunks/[root-of-the-server]__0dhog6e._.js:258:9])
    at runLoaders (turbopack:///[turbopack-node]/transforms/webpack-loaders.ts:182:5) [/Users/pulseplay/thrico/thrico-documentation/.next/build/chunks/[root-of-the-server]__0dhog6e._.js:258:9])
    at runLoaders (turbopack:///[turbopack-node]/transforms/webpack-loaders.ts:182:5) [/Users/pulseplay/thrico/thrico-documentation/.next/build/chunks/[root-of-the-server]__0dhog6e._.js:258:9])
    at runLoaders (turbopack:///[turbopack-node]/transforms/webpack-loaders.ts:182:5) [/Users/pulseplay/thrico/thrico-documentation/.next/build/chunks/[root-of-the-server]__0dhog6e._.js:258:9])
    at runLoaders (turbopack:///[turbopack-node]/transforms/webpack-loaders.ts:182:5) [/Users/pulseplay/thrico/thrico-documentation/.next/build/chunks/[root-of-the-server]__0dhog6e._.js:258:9])
    at runLoaders (turbopack:///[turbopack-node]/transforms/webpack-loaders.ts:182:5) [/Users/pulseplay/thrico/thrico-documentation/.next/build/chunks/[root-of-the-server]__0dhog6e._.js:258:9])
    at runLoaders (turbopack:///[turbopack-node]/transforms/webpack-loaders.ts:182:5) [/Users/pulseplay/thrico/thrico-documentation/.next/build/chunks/[root-of-the-server]__0dhog6e._.js:258:9])
    at runLoaders (turbopack:///[turbopack-node]/transforms/webpack-loaders.ts:182:5) [/Users/pulseplay/thrico/thrico-documentation/.next/build/chunks/[root-of-the-server]__0dhog6e._.js:258:9])
    at runLoaders (turbopack:///[turbopack-node]/transforms/webpack-loaders.ts:182:5) [/Users/pulseplay/thrico/thrico-documentation/.next/build/chunks/[root-of-the-server]__0dhog6e._.js:258:9])
    at runLoaders (turbopack:///[turbopack-node]/transforms/webpack-loaders.ts:182:5) [/Users/pulseplay/thrico/thrico-documentation/.next/build/chunks/[root-of-the-server]__0dhog6e._.js:258:9])
    at runLoaders (turbopack:///[turbopack-node]/transforms/webpack-loaders.ts:182:5) [/Users/pulseplay/thrico/thrico-documentation/.next/build/chunks/[root-of-the-server]__0dhog6e._.js:258:9])
    at runLoaders (turbopack:///[turbopack-node]/transforms/webpack-loaders.ts:182:5) [/Users/pulseplay/thrico/thrico-documentation/.next/build/chunks/[root-of-the-server]__0dhog6e._.js:258:9])
    at runLoaders (turbopack:///[turbopack-node]/transforms/webpack-loaders.ts:182:5) [/Users/pulseplay/thrico/thrico-documentation/.next/build/chunks/[root-of-the-server]__0dhog6e._.js:258:9])
    at runLoaders (turbopack:///[turbopack-node]/transforms/webpack-loaders.ts:182:5) [/Users/pulseplay/thrico/thrico-documentation/.next/build/chunks/[root-of-the-server]__0dhog6e._.js:258:9])
    at runLoaders (turbopack:///[turbopack-node]/transforms/webpack-loaders.ts:182:5) [/Users/pulseplay/thrico/thrico-documentation/.next/build/chunks/[root-of-the-server]__0dhog6e._.js:258:9])
    at runLoaders (turbopack:///[turbopack-node]/transforms/webpack-loaders.ts:182:5) [/Users/pulseplay/thrico/thrico-documentation/.next/build/chunks/[root-of-the-server]__0dhog6e._.js:258:9])
    at runLoaders (turbopack:///[turbopack-node]/transforms/webpack-loaders.ts:182:5) [/Users/pulseplay/thrico/thrico-documentation/.next/build/chunks/[root-of-the-server]__0dhog6e._.js:258:9])
    at runLoaders (turbopack:///[turbopack-node]/transforms/webpack-loaders.ts:182:5) [/Users/pulseplay/thrico/thrico-documentation/.next/build/chunks/[root-of-the-server]__0dhog6e._.js:258:9])
    at runLoaders (turbopack:///[turbopack-node]/transforms/webpack-loaders.ts:182:5) [/Users/pulseplay/thrico/thrico-documentation/.next/build/chunks/[root-of-the-server]__0dhog6e._.js:258:9])
    at runLoaders (turbopack:///[turbopack-node]/transforms/webpack-loaders.ts:182:5) [/Users/pulseplay/thrico/thrico-documentation/.next/build/chunks/[root-of-the-server]__0dhog6e._.js:258:9])
    at runLoaders (turbopack:///[turbopack-node]/transforms/webpack-loaders.ts:182:5) [/Users/pulseplay/thrico/thrico-documentation/.next/build/chunks/[root-of-the-server]__0dhog6e._.js:258:9])
    at runLoaders (turbopack:///[turbopack-node]/transforms/webpack-loaders.ts:182:5) [/Users/pulseplay/thrico/thrico-documentation/.next/build/chunks/[root-of-the-server]__0dhog6e._.js:258:9])
    at runLoaders (turbopack:///[turbopack-node]/transforms/webpack-loaders.ts:182:5) [/Users/pulseplay/thrico/thrico-documentation/.next/build/chunks/[root-of-the-server]__0dhog6e._.js:258:9])
    at runLoaders (turbopack:///[turbopack-node]/transforms/webpack-loaders.ts:182:5) [/Users/pulseplay/thrico/thrico-documentation/.next/build/chunks/[root-of-the-server]__0dhog6e._.js:258:9])
    at runLoaders (turbopack:///[turbopack-node]/transforms/webpack-loaders.ts:182:5) [/Users/pulseplay/thrico/thrico-documentation/.next/build/chunks/[root-of-the-server]__0dhog6e._.js:258:9])
    at runLoaders (turbopack:///[turbopack-node]/transforms/webpack-loaders.ts:182:5) [/Users/pulseplay/thrico/thrico-documentation/.next/build/chunks/[root-of-the-server]__0dhog6e._.js:258:9])
    at runLoaders (turbopack:///[turbopack-node]/transforms/webpack-loaders.ts:182:5) [/Users/pulseplay/thrico/thrico-documentation/.next/build/chunks/[root-of-the-server]__0dhog6e._.js:258:9])
    at runLoaders (turbopack:///[turbopack-node]/transforms/webpack-loaders.ts:182:5) [/Users/pulseplay/thrico/thrico-documentation/.next/build/chunks/[root-of-the-server]__0dhog6e._.js:258:9])
    at runLoaders (turbopack:///[turbopack-node]/transforms/webpack-loaders.ts:182:5) [/Users/pulseplay/thrico/thrico-documentation/.next/build/chunks/[root-of-the-server]__0dhog6e._.js:258:9])
    at runLoaders (turbopack:///[turbopack-node]/transforms/webpack-loaders.ts:182:5) [/Users/pulseplay/thrico/thrico-documentation/.next/build/chunks/[root-of-the-server]__0dhog6e._.js:258:9])
    at runLoaders (turbopack:///[turbopack-node]/transforms/webpack-loaders.ts:182:5) [/Users/pulseplay/thrico/thrico-documentation/.next/build/chunks/[root-of-the-server]__0dhog6e._.js:258:9])
    at runLoaders (turbopack:///[turbopack-node]/transforms/webpack-loaders.ts:182:5) [/Users/pulseplay/thrico/thrico-documentation/.next/build/chunks/[root-of-the-server]__0dhog6e._.js:258:9])
    at runLoaders (turbopack:///[turbopack-node]/transforms/webpack-loaders.ts:182:5) [/Users/pulseplay/thrico/thrico-documentation/.next/build/chunks/[root-of-the-server]__0dhog6e._.js:258:9])
    at runLoaders (turbopack:///[turbopack-node]/transforms/webpack-loaders.ts:182:5) [/Users/pulseplay/thrico/thrico-documentation/.next/build/chunks/[root-of-the-server]__0dhog6e._.js:258:9])
    at runLoaders (turbopack:///[turbopack-node]/transforms/webpack-loaders.ts:182:5) [/Users/pulseplay/thrico/thrico-documentation/.next/build/chunks/[root-of-the-server]__0dhog6e._.js:258:9])
    at runLoaders (turbopack:///[turbopack-node]/transforms/webpack-loaders.ts:182:5) [/Users/pulseplay/thrico/thrico-documentation/.next/build/chunks/[root-of-the-server]__0dhog6e._.js:258:9])
    at runLoaders (turbopack:///[turbopack-node]/transforms/webpack-loaders.ts:182:5) [/Users/pulseplay/thrico/thrico-documentation/.next/build/chunks/[root-of-the-server]__0dhog6e._.js:258:9])
    at runLoaders (turbopack:///[turbopack-node]/transforms/webpack-loaders.ts:182:5) [/Users/pulseplay/thrico/thrico-documentation/.next/build/chunks/[root-of-the-server]__0dhog6e._.js:258:9])
    at runLoaders (turbopack:///[turbopack-node]/transforms/webpack-loaders.ts:182:5) [/Users/pulseplay/thrico/thrico-documentation/.next/build/chunks/[root-of-the-server]__0dhog6e._.js:258:9])
    at runLoaders (turbopack:///[turbopack-node]/transforms/webpack-loaders.ts:182:5) [/Users/pulseplay/thrico/thrico-documentation/.next/build/chunks/[root-of-the-server]__0dhog6e._.js:258:9])
    at runLoaders (turbopack:///[turbopack-node]/transforms/webpack-loaders.ts:182:5) [/Users/pulseplay/thrico/thrico-documentation/.next/build/chunks/[root-of-the-server]__0dhog6e._.js:258:9])
    at runLoaders (turbopack:///[turbopack-node]/transforms/webpack-loaders.ts:182:5) [/Users/pulseplay/thrico/thrico-documentation/.next/build/chunks/[root-of-the-server]__0dhog6e._.js:258:9])
    at runLoaders (turbopack:///[turbopack-node]/transforms/webpack-loaders.ts:182:5) [/Users/pulseplay/thrico/thrico-documentation/.next/build/chunks/[root-of-the-server]__0dhog6e._.js:258:9])
    at runLoaders (turbopack:///[turbopack-node]/transforms/webpack-loaders.ts:182:5) [/Users/pulseplay/thrico/thrico-documentation/.next/build/chunks/[root-of-the-server]__0dhog6e._.js:258:9])
    at runLoaders (turbopack:///[turbopack-node]/transforms/webpack-loaders.ts:182:5) [/Users/pulseplay/thrico/thrico-documentation/.next/build/chunks/[root-of-the-server]__0dhog6e._.js:258:9])
    at runLoaders (turbopack:///[turbopack-node]/transforms/webpack-loaders.ts:182:5) [/Users/pulseplay/thrico/thrico-documentation/.next/build/chunks/[root-of-the-server]__0dhog6e._.js:258:9])
    at runLoaders (turbopack:///[turbopack-node]/transforms/webpack-loaders.ts:182:5) [/Users/pulseplay/thrico/thrico-documentation/.next/build/chunks/[root-of-the-server]__0dhog6e._.js:258:9])
    at runLoaders (turbopack:///[turbopack-node]/transforms/webpack-loaders.ts:182:5) [/Users/pulseplay/thrico/thrico-documentation/.next/build/chunks/[root-of-the-server]__0dhog6e._.js:258:9])
    at runLoaders (turbopack:///[turbopack-node]/transforms/webpack-loaders.ts:182:5) [/Users/pulseplay/thrico/thrico-documentation/.next/build/chunks/[root-of-the-server]__0dhog6e._.js:258:9])
    at runLoaders (turbopack:///[turbopack-node]/transforms/webpack-loaders.ts:182:5) [/Users/pulseplay/thrico/thrico-documentation/.next/build/chunks/[root-of-the-server]__0dhog6e._.js:258:9])
    at runLoaders (turbopack:///[turbopack-node]/transforms/webpack-loaders.ts:182:5) [/Users/pulseplay/thrico/thrico-documentation/.next/build/chunks/[root-of-the-server]__0dhog6e._.js:258:9])
    at runLoaders (turbopack:///[turbopack-node]/transforms/webpack-loaders.ts:182:5) [/Users/pulseplay/thrico/thrico-documentation/.next/build/chunks/[root-of-the-server]__0dhog6e._.js:258:9])
    at runLoaders (turbopack:///[turbopack-node]/transforms/webpack-loaders.ts:182:5) [/Users/pulseplay/thrico/thrico-documentation/.next/build/chunks/[root-of-the-server]__0dhog6e._.js:258:9])
    at runLoaders (turbopack:///[turbopack-node]/transforms/webpack-loaders.ts:182:5) [/Users/pulseplay/thrico/thrico-documentation/.next/build/chunks/[root-of-the-server]__0dhog6e._.js:258:9])
    at runLoaders (turbopack:///[turbopack-node]/transforms/webpack-loaders.ts:182:5) [/Users/pulseplay/thrico/thrico-documentation/.next/build/chunks/[root-of-the-server]__0dhog6e._.js:258:9])
    at runLoaders (turbopack:///[turbopack-node]/transforms/webpack-loaders.ts:182:5) [/Users/pulseplay/thrico/thrico-documentation/.next/build/chunks/[root-of-the-server]__0dhog6e._.js:258:9])
    at runLoaders (turbopack:///[turbopack-node]/transforms/webpack-loaders.ts:182:5) [/Users/pulseplay/thrico/thrico-documentation/.next/build/chunks/[root-of-the-server]__0dhog6e._.js:258:9])
    at runLoaders (turbopack:///[turbopack-node]/transforms/webpack-loaders.ts:182:5) [/Users/pulseplay/thrico/thrico-documentation/.next/build/chunks/[root-of-the-server]__0dhog6e._.js:258:9])
    at runLoaders (turbopack:///[turbopack-node]/transforms/webpack-loaders.ts:182:5) [/Users/pulseplay/thrico/thrico-documentation/.next/build/chunks/[root-of-the-server]__0dhog6e._.js:258:9])
    at runLoaders (turbopack:///[turbopack-node]/transforms/webpack-loaders.ts:182:5) [/Users/pulseplay/thrico/thrico-documentation/.next/build/chunks/[root-of-the-server]__0dhog6e._.js:258:9])
    at runLoaders (turbopack:///[turbopack-node]/transforms/webpack-loaders.ts:182:5) [/Users/pulseplay/thrico/thrico-documentation/.next/build/chunks/[root-of-the-server]__0dhog6e._.js:258:9])
    at runLoaders (turbopack:///[turbopack-node]/transforms/webpack-loaders.ts:182:5) [/Users/pulseplay/thrico/thrico-documentation/.next/build/chunks/[root-of-the-server]__0dhog6e._.js:258:9])
    at runLoaders (turbopack:///[turbopack-node]/transforms/webpack-loaders.ts:182:5) [/Users/pulseplay/thrico/thrico-documentation/.next/build/chunks/[root-of-the-server]__0dhog6e._.js:258:9])
    at runLoaders (turbopack:///[turbopack-node]/transforms/webpack-loaders.ts:182:5) [/Users/pulseplay/thrico/thrico-documentation/.next/build/chunks/[root-of-the-server]__0dhog6e._.js:258:9])
    at runLoaders (turbopack:///[turbopack-node]/transforms/webpack-loaders.ts:182:5) [/Users/pulseplay/thrico/thrico-documentation/.next/build/chunks/[root-of-the-server]__0dhog6e._.js:258:9])
    at runLoaders (turbopack:///[turbopack-node]/transforms/webpack-loaders.ts:182:5) [/Users/pulseplay/thrico/thrico-documentation/.next/build/chunks/[root-of-the-server]__0dhog6e._.js:258:9])
    at runLoaders (turbopack:///[turbopack-node]/transforms/webpack-loaders.ts:182:5) [/Users/pulseplay/thrico/thrico-documentation/.next/build/chunks/[root-of-the-server]__0dhog6e._.js:258:9])
    at runLoaders (turbopack:///[turbopack-node]/transforms/webpack-loaders.ts:182:5) [/Users/pulseplay/thrico/thrico-documentation/.next/build/chunks/[root-of-the-server]__0dhog6e._.js:258:9])
    at runLoaders (turbopack:///[turbopack-node]/transforms/webpack-loaders.ts:182:5) [/Users/pulseplay/thrico/thrico-documentation/.next/build/chunks/[root-of-the-server]__0dhog6e._.js:258:9])
    at runLoaders (turbopack:///[turbopack-node]/transforms/webpack-loaders.ts:182:5) [/Users/pulseplay/thrico/thrico-documentation/.next/build/chunks/[root-of-the-server]__0dhog6e._.js:258:9])
    at runLoaders (turbopack:///[turbopack-node]/transforms/webpack-loaders.ts:182:5) [/Users/pulseplay/thrico/thrico-documentation/.next/build/chunks/[root-of-the-server]__0dhog6e._.js:258:9])
    at runLoaders (turbopack:///[turbopack-node]/transforms/webpack-loaders.ts:182:5) [/Users/pulseplay/thrico/thrico-documentation/.next/build/chunks/[root-of-the-server]__0dhog6e._.js:258:9])
    at runLoaders (turbopack:///[turbopack-node]/transforms/webpack-loaders.ts:182:5) [/Users/pulseplay/thrico/thrico-documentation/.next/build/chunks/[root-of-the-server]__0dhog6e._.js:258:9])
    at runLoaders (turbopack:///[turbopack-node]/transforms/webpack-loaders.ts:182:5) [/Users/pulseplay/thrico/thrico-documentation/.next/build/chunks/[root-of-the-server]__0dhog6e._.js:258:9])
    at <unknown> (./.source/index.ts:103:1)
    at <unknown> (./.source/index.ts:103:1)
 ELIFECYCLE  Command failed with exit code 1.
